{
  "type": "FeatureCollection",
  "properties": {
    "workpackId": "pudong-north-repartition",
    "candidateStatus": "selected-market-candidate",
    "coordinateSystem": "OGC:CRS84",
    "scopeDecision": "删除上海南站、联洋、高东；重构金桥、森兰、外高桥、高行，保留金杨和碧云。",
    "commercialGeometryCopied": false,
    "mergedForInternalReview": true
  },
  "features": [
    {
      "type": "Feature",
      "properties": {
        "id": "sector_jinqiao",
        "sectorId": "sector_jinqiao",
        "name": "金桥",
        "candidateStatus": "selected-market-candidate",
        "selectedForAssembly": true,
        "reviewStatus": "draft-medium",
        "coordinateSystem": "OGC:CRS84",
        "geometrySourceSnapshotId": "osm-geofabrik-shanghai-260721",
        "geometryMethod": "seller_scope_locked_osm_centerlines_minus_protected_markets",
        "boundaryBasis": "北赵家沟、东外环高速、南龙东大道、西金桥路；严格扣除金杨与碧云。",
        "protectedSectorIds": [
          "sector_jinyang",
          "sector_biyun"
        ]
      },
      "geometry": {
        "type": "Polygon",
        "coordinates": [
          [
            [
              121.5656056424,
              31.2693029112
            ],
            [
              121.5657511976,
              31.2691120849
            ],
            [
              121.5657869072,
              31.2690791587
            ],
            [
              121.5663593517,
              31.2685948685
            ],
            [
              121.566438333,
              31.2685396062
            ],
            [
              121.5664840626,
              31.2684893625
            ],
            [
              121.5682268,
              31.267015
            ],
            [
              121.5689086233,
              31.2660465408
            ],
            [
              121.5690476221,
              31.2658680386
            ],
            [
              121.5691900838,
              31.2656772124
            ],
            [
              121.5693323049,
              31.2654863861
            ],
            [
              121.5694699555,
              31.2652955598
            ],
            [
              121.5696061991,
              31.2651047336
            ],
            [
              121.5697396884,
              31.2649139073
            ],
            [
              121.5698636936,
              31.2647230811
            ],
            [
              121.5699462642,
              31.2645960141
            ],
            [
              121.5713643347,
              31.2627088833
            ],
            [
              121.571442075,
              31.2626239923
            ],
            [
              121.5716323015,
              31.262433166
            ],
            [
              121.5718345714,
              31.2622423398
            ],
            [
              121.5720342441,
              31.2620515135
            ],
            [
              121.572171286,
              31.2619305546
            ],
            [
              121.5728533634,
              31.2613604732
            ],
            [
              121.5729440067,
              31.2612882085
            ],
            [
              121.5731919164,
              31.2610973822
            ],
            [
              121.5734210881,
              31.260906556
            ],
            [
              121.5735790327,
              31.2607624191
            ],
            [
              121.5752864,
              31.2595316
            ],
            [
              121.5770244,
              31.2586694
            ],
            [
              121.5796852,
              31.2580275
            ],
            [
              121.5809297,
              31.2574955
            ],
            [
              121.5842734204,
              31.2545838606
            ],
            [
              121.5846383558,
              31.2544184633
            ],
            [
              121.5848607711,
              31.2542276371
            ],
            [
              121.5850831864,
              31.2540368108
            ],
            [
              121.5853056018,
              31.2538459846
            ],
            [
              121.5855283647,
              31.2536551583
            ],
            [
              121.5857523321,
              31.253464332
            ],
            [
              121.5859762995,
              31.2532735058
            ],
            [
              121.5861939101,
              31.2530826795
            ],
            [
              121.5864069316,
              31.2528918533
            ],
            [
              121.5866320214,
              31.252701027
            ],
            [
              121.5868871683,
              31.2525102008
            ],
            [
              121.5868907695,
              31.2523193745
            ],
            [
              121.5870036642,
              31.2522064233
            ],
            [
              121.5878287,
              31.251488
            ],
            [
              121.5875681474,
              31.2513009033
            ],
            [
              121.587594951,
              31.2513182977
            ],
            [
              121.5877563593,
              31.2514230447
            ],
            [
              121.5878072919,
              31.2513652432
            ],
            [
              121.5879731038,
              31.251174417
            ],
            [
              121.5881540281,
              31.2509835907
            ],
            [
              121.5883395946,
              31.2507927645
            ],
            [
              121.5885250992,
              31.2506019382
            ],
            [
              121.5885440652,
              31.250411112
            ],
            [
              121.5887494358,
              31.2502202857
            ],
            [
              121.5889362784,
              31.2500294595
            ],
            [
              121.589123121,
              31.2498386332
            ],
            [
              121.5893099636,
              31.2496478069
            ],
            [
              121.5894967993,
              31.2494569807
            ],
            [
              121.5896836169,
              31.2492661544
            ],
            [
              121.5898704346,
              31.2490753282
            ],
            [
              121.5900572522,
              31.2488845019
            ],
            [
              121.590229141,
              31.2486936757
            ],
            [
              121.5906135986,
              31.2485028494
            ],
            [
              121.5907941751,
              31.2483120232
            ],
            [
              121.5909747516,
              31.2481211969
            ],
            [
              121.5911543613,
              31.2479303707
            ],
            [
              121.5913311922,
              31.2477395444
            ],
            [
              121.5915130495,
              31.2475487181
            ],
            [
              121.5916949067,
              31.2473578919
            ],
            [
              121.5918800749,
              31.2471670656
            ],
            [
              121.5920652834,
              31.2469762394
            ],
            [
              121.5922504918,
              31.2467854131
            ],
            [
              121.5924357003,
              31.2465945869
            ],
            [
              121.5926154678,
              31.2464037606
            ],
            [
              121.5927860109,
              31.2462129344
            ],
            [
              121.5929548349,
              31.2460221081
            ],
            [
              121.5931236589,
              31.2458312819
            ],
            [
              121.5932948713,
              31.2456404556
            ],
            [
              121.5934678474,
              31.2454496293
            ],
            [
              121.593624208,
              31.2452588031
            ],
            [
              121.5937771701,
              31.2450679768
            ],
            [
              121.5939289774,
              31.2448771506
            ],
            [
              121.5940743792,
              31.2446863243
            ],
            [
              121.594219181,
              31.2444954981
            ],
            [
              121.5943639829,
              31.2443046718
            ],
            [
              121.5945087847,
              31.2441138456
            ],
            [
              121.5946495029,
              31.2439230193
            ],
            [
              121.5947824951,
              31.2437321931
            ],
            [
              121.5949141089,
              31.2435413668
            ],
            [
              121.5950457227,
              31.2433505405
            ],
            [
              121.5951796228,
              31.2431597143
            ],
            [
              121.5953137685,
              31.242968888
            ],
            [
              121.5954506153,
              31.2427780618
            ],
            [
              121.5956015658,
              31.2425872355
            ],
            [
              121.5957707291,
              31.2423964093
            ],
            [
              121.5959229788,
              31.242205583
            ],
            [
              121.5960812338,
              31.2420147568
            ],
            [
              121.5962394888,
              31.2418239305
            ],
            [
              121.5963977438,
              31.2416331042
            ],
            [
              121.5965559988,
              31.241442278
            ],
            [
              121.5967142538,
              31.2412514517
            ],
            [
              121.5968739308,
              31.2410606255
            ],
            [
              121.5970647237,
              31.2408697992
            ],
            [
              121.5972662791,
              31.240678973
            ],
            [
              121.5974445168,
              31.2404881467
            ],
            [
              121.5976232907,
              31.2402973205
            ],
            [
              121.5978020647,
              31.2401064942
            ],
            [
              121.5979868138,
              31.239915668
            ],
            [
              121.5979196917,
              31.239749435
            ],
            [
              121.5976511869,
              31.2396697067
            ],
            [
              121.59713161,
              31.2395030211
            ],
            [
              121.5966120332,
              31.2393362864
            ],
            [
              121.5960924564,
              31.2391690121
            ],
            [
              121.5955728795,
              31.2390013399
            ],
            [
              121.5950533027,
              31.2388352554
            ],
            [
              121.5945337259,
              31.238670699
            ],
            [
              121.594014149,
              31.2385051215
            ],
            [
              121.5934945722,
              31.2383375376
            ],
            [
              121.5929749954,
              31.2381678636
            ],
            [
              121.5924554185,
              31.2379982246
            ],
            [
              121.5919358417,
              31.2378345914
            ],
            [
              121.5914162649,
              31.2376644758
            ],
            [
              121.590896688,
              31.2374943668
            ],
            [
              121.5903771112,
              31.2373242639
            ],
            [
              121.5898575344,
              31.2371541611
            ],
            [
              121.5893379575,
              31.2369840583
            ],
            [
              121.5888183807,
              31.2368139555
            ],
            [
              121.5882988039,
              31.2366438527
            ],
            [
              121.587779227,
              31.2364737499
            ],
            [
              121.5872596502,
              31.2363060271
            ],
            [
              121.5867400734,
              31.2361403581
            ],
            [
              121.5862204965,
              31.2359746892
            ],
            [
              121.5857009197,
              31.2358090222
            ],
            [
              121.5851813429,
              31.2356433519
            ],
            [
              121.584661766,
              31.235477679
            ],
            [
              121.5841421892,
              31.235312006
            ],
            [
              121.5836226124,
              31.235146333
            ],
            [
              121.5831030355,
              31.2349819098
            ],
            [
              121.5825834587,
              31.2348178628
            ],
            [
              121.5820638819,
              31.2346538159
            ],
            [
              121.581544305,
              31.2344897689
            ],
            [
              121.5810247282,
              31.234325722
            ],
            [
              121.5805051514,
              31.2341616751
            ],
            [
              121.5799855745,
              31.233997628
            ],
            [
              121.5794659977,
              31.2338335805
            ],
            [
              121.5790652103,
              31.2337052062
            ],
            [
              121.5790241587,
              31.2337856564
            ],
            [
              121.5789373339,
              31.2339726193
            ],
            [
              121.5788522131,
              31.2341595822
            ],
            [
              121.5787670924,
              31.2343465452
            ],
            [
              121.5786819716,
              31.2345335081
            ],
            [
              121.5785968509,
              31.234720471
            ],
            [
              121.5785117743,
              31.234907434
            ],
            [
              121.5784272302,
              31.2350943969
            ],
            [
              121.578342686,
              31.2352813598
            ],
            [
              121.5782581418,
              31.2354683228
            ],
            [
              121.5781735977,
              31.2356552857
            ],
            [
              121.578089047,
              31.2358422486
            ],
            [
              121.5780044927,
              31.2360292116
            ],
            [
              121.5779199383,
              31.2362161745
            ],
            [
              121.577835384,
              31.2364031375
            ],
            [
              121.5777557132,
              31.2365901004
            ],
            [
              121.5776651419,
              31.2367770633
            ],
            [
              121.5775780902,
              31.2369640263
            ],
            [
              121.5774910385,
              31.2371509892
            ],
            [
              121.5774039869,
              31.2373379521
            ],
            [
              121.5773169352,
              31.2375249151
            ],
            [
              121.5772298835,
              31.237711878
            ],
            [
              121.5771428319,
              31.2378988409
            ],
            [
              121.5770557802,
              31.2380858039
            ],
            [
              121.5769621506,
              31.2382727668
            ],
            [
              121.5768466683,
              31.2384597297
            ],
            [
              121.576731186,
              31.2386466927
            ],
            [
              121.5766157036,
              31.2388336556
            ],
            [
              121.5765002213,
              31.2390206185
            ],
            [
              121.5763847389,
              31.2392075815
            ],
            [
              121.5762692566,
              31.2393945444
            ],
            [
              121.5761537743,
              31.2395815073
            ],
            [
              121.5760382919,
              31.2397684703
            ],
            [
              121.5759228096,
              31.2399554332
            ],
            [
              121.5757979599,
              31.2401423961
            ],
            [
              121.5756673222,
              31.2403293591
            ],
            [
              121.575536013,
              31.240516322
            ],
            [
              121.5754045945,
              31.2407032849
            ],
            [
              121.5752717678,
              31.2408902479
            ],
            [
              121.5751401189,
              31.2410772108
            ],
            [
              121.5750071947,
              31.2412641737
            ],
            [
              121.5748718074,
              31.2414511367
            ],
            [
              121.5747417588,
              31.2416380996
            ],
            [
              121.5746120916,
              31.2418250625
            ],
            [
              121.5744824245,
              31.2420120255
            ],
            [
              121.5743523505,
              31.2421989884
            ],
            [
              121.5742215036,
              31.2423859514
            ],
            [
              121.5740906567,
              31.2425729143
            ],
            [
              121.5739598098,
              31.2427598772
            ],
            [
              121.5738289629,
              31.2429468402
            ],
            [
              121.5736947355,
              31.2431338031
            ],
            [
              121.5736136466,
              31.2432615057
            ],
            [
              121.5736786266,
              31.2432903473
            ],
            [
              121.5739271324,
              31.243403487
            ],
            [
              121.5740603712,
              31.2434646112
            ],
            [
              121.5736821,
              31.243296
            ],
            [
              121.5735648516,
              31.2432449819
            ],
            [
              121.5735652911,
              31.2432439477
            ],
            [
              121.5735675624,
              31.243239904
            ],
            [
              121.5736486514,
              31.2431122014
            ],
            [
              121.5736500556,
              31.2431101236
            ],
            [
              121.573784127,
              31.2429233782
            ],
            [
              121.5739148207,
              31.2427366342
            ],
            [
              121.5740456677,
              31.2425496712
            ],
            [
              121.5741765147,
              31.2423627083
            ],
            [
              121.5743073264,
              31.2421757957
            ],
            [
              121.5744373467,
              31.2419889101
            ],
            [
              121.5745669954,
              31.2418019738
            ],
            [
              121.5746966627,
              31.2416150108
            ],
            [
              121.5746966975,
              31.2416149607
            ],
            [
              121.5748267462,
              31.2414279978
            ],
            [
              121.574827235,
              31.2414273091
            ],
            [
              121.5749625087,
              31.2412405032
            ],
            [
              121.5750952622,
              31.2410537805
            ],
            [
              121.575226853,
              31.2408669001
            ],
            [
              121.5752269609,
              31.2408667477
            ],
            [
              121.575359723,
              31.2406798757
            ],
            [
              121.5754910724,
              31.2404930112
            ],
            [
              121.575622346,
              31.2403060991
            ],
            [
              121.575752686,
              31.2401195623
            ],
            [
              121.5758768464,
              31.2399336317
            ],
            [
              121.5759919229,
              31.239747326
            ],
            [
              121.5761074054,
              31.239560363
            ],
            [
              121.5762228878,
              31.2393734001
            ],
            [
              121.5763383702,
              31.2391864371
            ],
            [
              121.5764538527,
              31.2389994741
            ],
            [
              121.5765693351,
              31.2388125112
            ],
            [
              121.5766848176,
              31.2386255482
            ],
            [
              121.5768003,
              31.2384385852
            ],
            [
              121.5769147782,
              31.2382532482
            ],
            [
              121.5770072936,
              31.2380685103
            ],
            [
              121.577094094,
              31.2378820872
            ],
            [
              121.5771811457,
              31.2376951243
            ],
            [
              121.5772681975,
              31.2375081613
            ],
            [
              121.5773552493,
              31.2373211983
            ],
            [
              121.577442301,
              31.2371342354
            ],
            [
              121.5775293528,
              31.2369472724
            ],
            [
              121.5776164046,
              31.2367603094
            ],
            [
              121.5776166797,
              31.2367597303
            ],
            [
              121.5777068129,
              31.2365736721
            ],
            [
              121.5777860916,
              31.2363876294
            ],
            [
              121.5777864557,
              31.2363868003
            ],
            [
              121.5778710101,
              31.2361998373
            ],
            [
              121.5779555646,
              31.2360128744
            ],
            [
              121.5780401189,
              31.2358259116
            ],
            [
              121.5781246693,
              31.2356389496
            ],
            [
              121.5782092133,
              31.2354519872
            ],
            [
              121.5782937576,
              31.2352650242
            ],
            [
              121.5783783019,
              31.2350780612
            ],
            [
              121.5784628461,
              31.2348910983
            ],
            [
              121.5784628866,
              31.234891009
            ],
            [
              121.5785479633,
              31.234704046
            ],
            [
              121.5786330875,
              31.2345170757
            ],
            [
              121.5787182084,
              31.2343301127
            ],
            [
              121.5788033292,
              31.2341431497
            ],
            [
              121.5788884501,
              31.2339561868
            ],
            [
              121.5788885808,
              31.2339559026
            ],
            [
              121.5789754057,
              31.2337689397
            ],
            [
              121.5789760855,
              31.2337675443
            ],
            [
              121.5790171371,
              31.2336870941
            ],
            [
              121.5790195063,
              31.233683023
            ],
            [
              121.579022341,
              31.2336791778
            ],
            [
              121.5790256123,
              31.2336755977
            ],
            [
              121.5790292868,
              31.2336723191
            ],
            [
              121.5790333272,
              31.2336693755
            ],
            [
              121.5790376923,
              31.2336667967
            ],
            [
              121.5790423376,
              31.2336646091
            ],
            [
              121.5790472159,
              31.233662835
            ],
            [
              121.5790522774,
              31.2336614923
            ],
            [
              121.5790574707,
              31.2336605949
            ],
            [
              121.5790627427,
              31.2336601518
            ],
            [
              121.5790680399,
              31.2336601675
            ],
            [
              121.5790733083,
              31.2336606419
            ],
            [
              121.5790784942,
              31.2336615701
            ],
            [
              121.5790835448,
              31.2336629428
            ],
            [
              121.5794842171,
              31.2337912802
            ],
            [
              121.5800036785,
              31.2339552912
            ],
            [
              121.5805232554,
              31.2341193383
            ],
            [
              121.5810428323,
              31.2342833852
            ],
            [
              121.5815624091,
              31.2344474321
            ],
            [
              121.5820819861,
              31.2346114791
            ],
            [
              121.582601563,
              31.234775526
            ],
            [
              121.5831211398,
              31.234939573
            ],
            [
              121.5836407534,
              31.2351040078
            ],
            [
              121.5836408749,
              31.2351040464
            ],
            [
              121.5841604515,
              31.2352697193
            ],
            [
              121.5846800283,
              31.2354353923
            ],
            [
              121.5851996053,
              31.2356010652
            ],
            [
              121.5857191819,
              31.2357667354
            ],
            [
              121.5862387584,
              31.2359324023
            ],
            [
              121.5867583356,
              31.2360980713
            ],
            [
              121.5872779125,
              31.2362637403
            ],
            [
              121.5872781113,
              31.2362638041
            ],
            [
              121.5877976879,
              31.2364315268
            ],
            [
              121.5877979171,
              31.2364316013
            ],
            [
              121.5883174938,
              31.236601704
            ],
            [
              121.5888370707,
              31.2367718069
            ],
            [
              121.5893566475,
              31.2369419097
            ],
            [
              121.5898762245,
              31.2371120125
            ],
            [
              121.5903958014,
              31.2372821153
            ],
            [
              121.5909153782,
              31.2374522182
            ],
            [
              121.5914349558,
              31.2376223274
            ],
            [
              121.591954221,
              31.2377923409
            ],
            [
              121.5924734837,
              31.2379558752
            ],
            [
              121.5924740647,
              31.2379560615
            ],
            [
              121.5929936414,
              31.2381257004
            ],
            [
              121.5935131212,
              31.2382953427
            ],
            [
              121.5940325005,
              31.2384628629
            ],
            [
              121.5945519308,
              31.2386283937
            ],
            [
              121.595071458,
              31.2387929344
            ],
            [
              121.5950716064,
              31.2387929816
            ],
            [
              121.595591183,
              31.238959066
            ],
            [
              121.5955913367,
              31.2389591154
            ],
            [
              121.5961108944,
              31.2391267813
            ],
            [
              121.596630426,
              31.2392940411
            ],
            [
              121.5971499744,
              31.2394607666
            ],
            [
              121.5976689438,
              31.2396272574
            ],
            [
              121.5979365994,
              31.2397067335
            ],
            [
              121.5981925822,
              31.2395340154
            ],
            [
              121.5984234568,
              31.2393431892
            ],
            [
              121.5992936875,
              31.2389615367
            ],
            [
              121.5991719133,
              31.2387707104
            ],
            [
              121.5991325104,
              31.2385798842
            ],
            [
              121.5991556537,
              31.2383890579
            ],
            [
              121.5992718732,
              31.2381982317
            ],
            [
              121.5994331888,
              31.2380074054
            ],
            [
              121.5995920928,
              31.2378165792
            ],
            [
              121.5997450195,
              31.2376257529
            ],
            [
              121.5998921819,
              31.2374349266
            ],
            [
              121.6000291617,
              31.2372441004
            ],
            [
              121.6001586603,
              31.2370532741
            ],
            [
              121.6002778848,
              31.2368624479
            ],
            [
              121.6003925296,
              31.2366716216
            ],
            [
              121.6004931441,
              31.2364807954
            ],
            [
              121.6005886751,
              31.2362899691
            ],
            [
              121.6006704907,
              31.2360991429
            ],
            [
              121.6007491727,
              31.2359083166
            ],
            [
              121.6008186453,
              31.2357174903
            ],
            [
              121.6008852793,
              31.2355266641
            ],
            [
              121.6009494018,
              31.2353358378
            ],
            [
              121.6010014425,
              31.2351450116
            ],
            [
              121.6010532885,
              31.2349541853
            ],
            [
              121.601093537,
              31.2347633591
            ],
            [
              121.6011295625,
              31.2345725328
            ],
            [
              121.6011592357,
              31.2343817066
            ],
            [
              121.6011816433,
              31.2341908803
            ],
            [
              121.6011969127,
              31.2340000541
            ],
            [
              121.6012122615,
              31.2338092278
            ],
            [
              121.6012279402,
              31.2336184015
            ],
            [
              121.6012436188,
              31.2334275753
            ],
            [
              121.6012592975,
              31.233236749
            ],
            [
              121.6012749761,
              31.2330459228
            ],
            [
              121.6012906548,
              31.2328550965
            ],
            [
              121.6013063335,
              31.2326642703
            ],
            [
              121.6013220121,
              31.232473444
            ],
            [
              121.6013368672,
              31.2322826178
            ],
            [
              121.6013513496,
              31.2320917915
            ],
            [
              121.6013670762,
              31.2319009653
            ],
            [
              121.6013856347,
              31.231710139
            ],
            [
              121.6014041932,
              31.2315193127
            ],
            [
              121.6014242582,
              31.2313284865
            ],
            [
              121.6014478633,
              31.2311376602
            ],
            [
              121.6014714685,
              31.230946834
            ],
            [
              121.6014992105,
              31.2307560077
            ],
            [
              121.6015287231,
              31.2305651815
            ],
            [
              121.6015582357,
              31.2303743552
            ],
            [
              121.601592182,
              31.230183529
            ],
            [
              121.6016282124,
              31.2299927027
            ],
            [
              121.6016676442,
              31.2298018764
            ],
            [
              121.6017121338,
              31.2296110502
            ],
            [
              121.6017566028,
              31.2294202239
            ],
            [
              121.6018020931,
              31.2292293977
            ],
            [
              121.601849651,
              31.2290385714
            ],
            [
              121.6019022021,
              31.2288477452
            ],
            [
              121.6019566558,
              31.2286569189
            ],
            [
              121.6020132243,
              31.2284660927
            ],
            [
              121.6020723407,
              31.2282752664
            ],
            [
              121.6021364157,
              31.2280844402
            ],
            [
              121.6022020181,
              31.2278936139
            ],
            [
              121.6022695809,
              31.2277027876
            ],
            [
              121.6023371437,
              31.2275119614
            ],
            [
              121.6024047065,
              31.2273211351
            ],
            [
              121.6024738694,
              31.2271303089
            ],
            [
              121.6025433834,
              31.2269394826
            ],
            [
              121.6026128974,
              31.2267486564
            ],
            [
              121.6026823911,
              31.2265578301
            ],
            [
              121.6027518762,
              31.2263670039
            ],
            [
              121.6028211693,
              31.2261761776
            ],
            [
              121.6028902888,
              31.2259853514
            ],
            [
              121.6029594083,
              31.2257945251
            ],
            [
              121.6030283984,
              31.2256036988
            ],
            [
              121.6030967975,
              31.2254128726
            ],
            [
              121.6031651965,
              31.2252220463
            ],
            [
              121.6032335955,
              31.2250312201
            ],
            [
              121.6033022238,
              31.2248403938
            ],
            [
              121.6033711751,
              31.2246495676
            ],
            [
              121.6034417103,
              31.2244587413
            ],
            [
              121.6035121187,
              31.2242679151
            ],
            [
              121.6035795259,
              31.2240770888
            ],
            [
              121.6036469331,
              31.2238862625
            ],
            [
              121.6037143402,
              31.2236954363
            ],
            [
              121.6037860219,
              31.22350461
            ],
            [
              121.6038584322,
              31.2233137838
            ],
            [
              121.6039283767,
              31.2231229575
            ],
            [
              121.6039981778,
              31.2229321313
            ],
            [
              121.6040690766,
              31.222741305
            ],
            [
              121.6041426047,
              31.2225504788
            ],
            [
              121.6042090191,
              31.2223596525
            ],
            [
              121.6042719077,
              31.2221688263
            ],
            [
              121.6042761,
              31.221978
            ],
            [
              121.6042774193,
              31.2219742652
            ],
            [
              121.6044882764,
              31.2220161782
            ],
            [
              121.6049900923,
              31.222111956
            ],
            [
              121.6054919081,
              31.222212057
            ],
            [
              121.6059937239,
              31.2223103884
            ],
            [
              121.6064955398,
              31.2224094633
            ],
            [
              121.6069973556,
              31.2225148867
            ],
            [
              121.6074991714,
              31.2226241402
            ],
            [
              121.6080009873,
              31.2227269973
            ],
            [
              121.6085028031,
              31.2228262633
            ],
            [
              121.6090046189,
              31.2229255294
            ],
            [
              121.6095064347,
              31.2230247954
            ],
            [
              121.6100082506,
              31.2231028474
            ],
            [
              121.6105100664,
              31.2231716415
            ],
            [
              121.6110118822,
              31.2232408119
            ],
            [
              121.6115136981,
              31.223312993
            ],
            [
              121.6120155139,
              31.2233730011
            ],
            [
              121.6125173297,
              31.223405402
            ],
            [
              121.6130191456,
              31.2234260601
            ],
            [
              121.6135209614,
              31.2234417233
            ],
            [
              121.6140227772,
              31.2234391913
            ],
            [
              121.6145245931,
              31.2234222895
            ],
            [
              121.6150264089,
              31.2234076584
            ],
            [
              121.6155282247,
              31.2233922326
            ],
            [
              121.6160300405,
              31.223377661
            ],
            [
              121.6165318564,
              31.2233666906
            ],
            [
              121.6170336722,
              31.2233594872
            ],
            [
              121.617535488,
              31.2233522838
            ],
            [
              121.6180373039,
              31.2233510454
            ],
            [
              121.6185391197,
              31.2233659653
            ],
            [
              121.6190409355,
              31.2234215927
            ],
            [
              121.6195427514,
              31.2235793369
            ],
            [
              121.6200445672,
              31.2237162768
            ],
            [
              121.620546383,
              31.2238636405
            ],
            [
              121.6210481988,
              31.2240191477
            ],
            [
              121.6215500147,
              31.2241754415
            ],
            [
              121.6220518305,
              31.2243626655
            ],
            [
              121.6225536463,
              31.22457911
            ],
            [
              121.6230554622,
              31.2248081611
            ],
            [
              121.623557278,
              31.2250314566
            ],
            [
              121.6240590938,
              31.2252446034
            ],
            [
              121.6245609097,
              31.2254170906
            ],
            [
              121.6250627255,
              31.2255742369
            ],
            [
              121.6255645413,
              31.2256961848
            ],
            [
              121.6260663571,
              31.2257946605
            ],
            [
              121.626568173,
              31.2258888524
            ],
            [
              121.6270699888,
              31.2259827655
            ],
            [
              121.6275718046,
              31.2260714689
            ],
            [
              121.6280736205,
              31.2261540656
            ],
            [
              121.6285754363,
              31.2262365326
            ],
            [
              121.6290772521,
              31.2263189996
            ],
            [
              121.629579068,
              31.226403167
            ],
            [
              121.6300808838,
              31.2264921863
            ],
            [
              121.6305826996,
              31.2265790314
            ],
            [
              121.6310845154,
              31.2266658765
            ],
            [
              121.6315863313,
              31.2267516177
            ],
            [
              121.6320881471,
              31.2268367693
            ],
            [
              121.6325899629,
              31.2269259824
            ],
            [
              121.6330917788,
              31.2270125646
            ],
            [
              121.6335935946,
              31.2271043746
            ],
            [
              121.6340954104,
              31.2271952832
            ],
            [
              121.6345972263,
              31.2272761177
            ],
            [
              121.6350990421,
              31.2273596028
            ],
            [
              121.6356008579,
              31.2274466734
            ],
            [
              121.6361026737,
              31.2275321927
            ],
            [
              121.6366044896,
              31.2276177119
            ],
            [
              121.6371063054,
              31.2277032312
            ],
            [
              121.6376081212,
              31.2277887505
            ],
            [
              121.6381099371,
              31.2278742697
            ],
            [
              121.6386117529,
              31.227959789
            ],
            [
              121.6391135687,
              31.2280453082
            ],
            [
              121.6396153846,
              31.2281297873
            ],
            [
              121.6397430987,
              31.2281499346
            ],
            [
              121.6397437318,
              31.2284924205
            ],
            [
              121.6397451363,
              31.2292522023
            ],
            [
              121.6397465408,
              31.2300119842
            ],
            [
              121.6397479453,
              31.230771766
            ],
            [
              121.6397493871,
              31.2315315479
            ],
            [
              121.6397508416,
              31.2322913297
            ],
            [
              121.6397522961,
              31.2330511116
            ],
            [
              121.6397536799,
              31.2338108934
            ],
            [
              121.6397550663,
              31.2345706753
            ],
            [
              121.6397564976,
              31.2353304571
            ],
            [
              121.639757912,
              31.236090239
            ],
            [
              121.6397593246,
              31.2368500208
            ],
            [
              121.6397607372,
              31.2376098027
            ],
            [
              121.6397621577,
              31.2383695846
            ],
            [
              121.6397635671,
              31.2391293664
            ],
            [
              121.6397649928,
              31.2398891483
            ],
            [
              121.6397663911,
              31.2406489301
            ],
            [
              121.6397677959,
              31.241408712
            ],
            [
              121.6397692007,
              31.2421684938
            ],
            [
              121.6397706055,
              31.2429282757
            ],
            [
              121.6397720104,
              31.2436880575
            ],
            [
              121.6397734152,
              31.2444478394
            ],
            [
              121.6397748152,
              31.2452076212
            ],
            [
              121.6397762163,
              31.2459674031
            ],
            [
              121.6397776251,
              31.2467271849
            ],
            [
              121.639779034,
              31.2474869668
            ],
            [
              121.6397804429,
              31.2482467486
            ],
            [
              121.6397818518,
              31.2490065305
            ],
            [
              121.6397832606,
              31.2497663124
            ],
            [
              121.6397846695,
              31.2505260942
            ],
            [
              121.6397860784,
              31.2512858761
            ],
            [
              121.6397874872,
              31.2520456579
            ],
            [
              121.6397888961,
              31.2528054398
            ],
            [
              121.639790305,
              31.2535652216
            ],
            [
              121.6397917139,
              31.2543250035
            ],
            [
              121.6397931227,
              31.2550847853
            ],
            [
              121.6397945316,
              31.2558445672
            ],
            [
              121.6397959405,
              31.256604349
            ],
            [
              121.6397973492,
              31.2573641309
            ],
            [
              121.639798773,
              31.2581239127
            ],
            [
              121.6398002655,
              31.2588836946
            ],
            [
              121.639801758,
              31.2596434764
            ],
            [
              121.6398032505,
              31.2604032583
            ],
            [
              121.63980465,
              31.2611630402
            ],
            [
              121.6398060037,
              31.261922822
            ],
            [
              121.6398073473,
              31.2626826039
            ],
            [
              121.6398086674,
              31.2634423857
            ],
            [
              121.6398099958,
              31.2642021676
            ],
            [
              121.6398114064,
              31.2649619494
            ],
            [
              121.6398128174,
              31.2657217313
            ],
            [
              121.6398142283,
              31.2664815131
            ],
            [
              121.6398156393,
              31.267241295
            ],
            [
              121.6398170503,
              31.2680010768
            ],
            [
              121.6398184496,
              31.2687608587
            ],
            [
              121.6398198802,
              31.2695206405
            ],
            [
              121.6398212983,
              31.2702804224
            ],
            [
              121.6398226909,
              31.2710402042
            ],
            [
              121.6398240979,
              31.2717999861
            ],
            [
              121.6398254772,
              31.272559768
            ],
            [
              121.6398268812,
              31.2733195498
            ],
            [
              121.6398282853,
              31.2740793317
            ],
            [
              121.6398296893,
              31.2748391135
            ],
            [
              121.6398310933,
              31.2755988954
            ],
            [
              121.6398325315,
              31.2763586772
            ],
            [
              121.6398339301,
              31.2771184591
            ],
            [
              121.6398353331,
              31.2778782409
            ],
            [
              121.6398367703,
              31.2786380228
            ],
            [
              121.6398381846,
              31.2793978046
            ],
            [
              121.6398395626,
              31.2801575865
            ],
            [
              121.6398409718,
              31.2809173683
            ],
            [
              121.6398423816,
              31.2816771502
            ],
            [
              121.6398438097,
              31.282436932
            ],
            [
              121.6398451849,
              31.2831967139
            ],
            [
              121.6398466007,
              31.2839564958
            ],
            [
              121.6398480166,
              31.2847162776
            ],
            [
              121.6398494248,
              31.2854760595
            ],
            [
              121.6398508296,
              31.2862358413
            ],
            [
              121.6398522345,
              31.2869956232
            ],
            [
              121.6398536387,
              31.287755405
            ],
            [
              121.6398550439,
              31.2885151869
            ],
            [
              121.6398564524,
              31.2892749687
            ],
            [
              121.6398578608,
              31.2900347506
            ],
            [
              121.6398592692,
              31.2907945324
            ],
            [
              121.6398606777,
              31.2915543143
            ],
            [
              121.6398620807,
              31.2923140961
            ],
            [
              121.6398634779,
              31.293073878
            ],
            [
              121.6398648832,
              31.2938336598
            ],
            [
              121.6398662884,
              31.2945934417
            ],
            [
              121.6398676937,
              31.2953532236
            ],
            [
              121.6398691284,
              31.2961130054
            ],
            [
              121.6398705521,
              31.2968727873
            ],
            [
              121.6398719722,
              31.2976325691
            ],
            [
              121.6398733703,
              31.298392351
            ],
            [
              121.6398738896,
              31.2986805499
            ],
            [
              121.6393844556,
              31.2984567581
            ],
            [
              121.6388856131,
              31.2982286643
            ],
            [
              121.6383867707,
              31.2980005705
            ],
            [
              121.6378879282,
              31.2977724766
            ],
            [
              121.6373890857,
              31.2975832706
            ],
            [
              121.6368902432,
              31.2973980158
            ],
            [
              121.6363914008,
              31.2972097943
            ],
            [
              121.6358925583,
              31.2970210283
            ],
            [
              121.6353937158,
              31.2968322558
            ],
            [
              121.6348948734,
              31.2966434583
            ],
            [
              121.6343960309,
              31.2964546608
            ],
            [
              121.6338971884,
              31.2962658634
            ],
            [
              121.6333983459,
              31.2960770659
            ],
            [
              121.6328995035,
              31.2958882684
            ],
            [
              121.632400661,
              31.295699471
            ],
            [
              121.6319018185,
              31.2955106735
            ],
            [
              121.6314029761,
              31.295321876
            ],
            [
              121.6309041336,
              31.2951330786
            ],
            [
              121.6304052911,
              31.2949463484
            ],
            [
              121.6299064486,
              31.2947704242
            ],
            [
              121.6294076062,
              31.2945945
            ],
            [
              121.6289087637,
              31.2944185758
            ],
            [
              121.6284099212,
              31.2942426516
            ],
            [
              121.6279110788,
              31.2940667273
            ],
            [
              121.6274122363,
              31.2938908031
            ],
            [
              121.6269133938,
              31.2937148789
            ],
            [
              121.6264145514,
              31.2935389547
            ],
            [
              121.6259157089,
              31.2933630305
            ],
            [
              121.6254168664,
              31.2931871063
            ],
            [
              121.6249180239,
              31.293013679
            ],
            [
              121.6244191815,
              31.2928455409
            ],
            [
              121.623920339,
              31.2926774029
            ],
            [
              121.6234214965,
              31.2925092648
            ],
            [
              121.6229226541,
              31.2923411267
            ],
            [
              121.6224238116,
              31.2921729912
            ],
            [
              121.6219249691,
              31.2920048578
            ],
            [
              121.6214261266,
              31.2918367245
            ],
            [
              121.6209272842,
              31.2916685911
            ],
            [
              121.6204284417,
              31.2915004578
            ],
            [
              121.6199295992,
              31.2913323182
            ],
            [
              121.6194307568,
              31.2911651064
            ],
            [
              121.6189319143,
              31.2909987379
            ],
            [
              121.6184330718,
              31.2908323695
            ],
            [
              121.6179342293,
              31.2906660011
            ],
            [
              121.6174353869,
              31.2904996327
            ],
            [
              121.6169365444,
              31.2903332643
            ],
            [
              121.6164377019,
              31.2901668959
            ],
            [
              121.6159388595,
              31.2900005235
            ],
            [
              121.615440017,
              31.2898341415
            ],
            [
              121.6149411745,
              31.2896677594
            ],
            [
              121.614442332,
              31.2894970896
            ],
            [
              121.6139434896,
              31.2893176949
            ],
            [
              121.6134446471,
              31.2891383001
            ],
            [
              121.6129458046,
              31.2889589053
            ],
            [
              121.6124469622,
              31.2887795105
            ],
            [
              121.6119481197,
              31.2886730489
            ],
            [
              121.6114492772,
              31.2886202093
            ],
            [
              121.6109504347,
              31.2885673795
            ],
            [
              121.6104515923,
              31.2886615436
            ],
            [
              121.6099527498,
              31.2887596507
            ],
            [
              121.6094539073,
              31.2888577578
            ],
            [
              121.6089550649,
              31.2889558649
            ],
            [
              121.6084562224,
              31.289053972
            ],
            [
              121.6079573799,
              31.2891721188
            ],
            [
              121.6074585375,
              31.2892942668
            ],
            [
              121.606959695,
              31.2894164147
            ],
            [
              121.6064608525,
              31.2895385626
            ],
            [
              121.60596201,
              31.2896607106
            ],
            [
              121.6054631676,
              31.2897828585
            ],
            [
              121.6049643251,
              31.2899050064
            ],
            [
              121.6044654826,
              31.2900271544
            ],
            [
              121.6039666402,
              31.2901493023
            ],
            [
              121.6034677977,
              31.2902714502
            ],
            [
              121.6029689552,
              31.2903935982
            ],
            [
              121.6024701127,
              31.2904943759
            ],
            [
              121.6019712703,
              31.2905898187
            ],
            [
              121.6014724278,
              31.2906852615
            ],
            [
              121.6009735853,
              31.2907807043
            ],
            [
              121.6004747429,
              31.2908219878
            ],
            [
              121.5999759004,
              31.2908039412
            ],
            [
              121.5994770579,
              31.2907858946
            ],
            [
              121.5989782154,
              31.290710288
            ],
            [
              121.598479373,
              31.2906309645
            ],
            [
              121.5979805305,
              31.2905516411
            ],
            [
              121.597481688,
              31.2904723176
            ],
            [
              121.5969828456,
              31.2903901894
            ],
            [
              121.5964840031,
              31.2903019686
            ],
            [
              121.5959851606,
              31.2902137478
            ],
            [
              121.5954863181,
              31.290125527
            ],
            [
              121.5949874757,
              31.2900373062
            ],
            [
              121.5944886332,
              31.2899490854
            ],
            [
              121.5939897907,
              31.2898608646
            ],
            [
              121.5934909483,
              31.2897726447
            ],
            [
              121.5929921058,
              31.2896844314
            ],
            [
              121.5924932633,
              31.2895962182
            ],
            [
              121.5919944208,
              31.2895080049
            ],
            [
              121.5914955784,
              31.2894197916
            ],
            [
              121.5909967359,
              31.2893315783
            ],
            [
              121.5904978934,
              31.2892433651
            ],
            [
              121.589999051,
              31.2891831138
            ],
            [
              121.5895002085,
              31.2891347823
            ],
            [
              121.589001366,
              31.2890864509
            ],
            [
              121.5885025236,
              31.2890381194
            ],
            [
              121.5880036811,
              31.2890159457
            ],
            [
              121.5875048386,
              31.289017167
            ],
            [
              121.5870059961,
              31.2890183882
            ],
            [
              121.5865071537,
              31.2890196095
            ],
            [
              121.5860083112,
              31.2890176206
            ],
            [
              121.5855094687,
              31.2890068479
            ],
            [
              121.5850106263,
              31.2890161189
            ],
            [
              121.5845117838,
              31.28902539
            ],
            [
              121.5840129413,
              31.289034661
            ],
            [
              121.5835140988,
              31.289043932
            ],
            [
              121.5830152564,
              31.2889733276
            ],
            [
              121.5825164139,
              31.2888824165
            ],
            [
              121.5820175714,
              31.2888356071
            ],
            [
              121.581518729,
              31.288833901
            ],
            [
              121.5810198865,
              31.288839361
            ],
            [
              121.580521044,
              31.2888524374
            ],
            [
              121.5800222015,
              31.2888655137
            ],
            [
              121.5795233591,
              31.2888780758
            ],
            [
              121.5790245166,
              31.288890599
            ],
            [
              121.5785256741,
              31.2889031221
            ],
            [
              121.5780268317,
              31.2889156453
            ],
            [
              121.5775279892,
              31.2889281684
            ],
            [
              121.5770291467,
              31.2889406916
            ],
            [
              121.5765303042,
              31.2889532148
            ],
            [
              121.5760314618,
              31.2889585388
            ],
            [
              121.5755326193,
              31.2889624113
            ],
            [
              121.5750337768,
              31.2889662837
            ],
            [
              121.5745349344,
              31.2889701562
            ],
            [
              121.5740360919,
              31.2889740287
            ],
            [
              121.5735372494,
              31.2889779012
            ],
            [
              121.5730384069,
              31.2889817737
            ],
            [
              121.5725395645,
              31.2889856461
            ],
            [
              121.572040722,
              31.2890229991
            ],
            [
              121.5715418795,
              31.2891361874
            ],
            [
              121.5710430371,
              31.2892482545
            ],
            [
              121.5705441946,
              31.2893116621
            ],
            [
              121.5700453521,
              31.2893348929
            ],
            [
              121.5695465097,
              31.2893581238
            ],
            [
              121.5690476672,
              31.2893813546
            ],
            [
              121.5685488247,
              31.2893487349
            ],
            [
              121.5680499822,
              31.2892969051
            ],
            [
              121.5675511398,
              31.2892450754
            ],
            [
              121.5670522973,
              31.2891932457
            ],
            [
              121.5665534548,
              31.2891231624
            ],
            [
              121.5660546124,
              31.289047002
            ],
            [
              121.5655557699,
              31.2889708416
            ],
            [
              121.5650569274,
              31.2888946812
            ],
            [
              121.5645580849,
              31.2888185208
            ],
            [
              121.5640592425,
              31.2887423604
            ],
            [
              121.5635604,
              31.2886662
            ],
            [
              121.5482208027,
              31.2866126731
            ],
            [
              121.5634492,
              31.271402
            ],
            [
              121.5637272859,
              31.2712111737
            ],
            [
              121.5640058554,
              31.2710203475
            ],
            [
              121.5642806192,
              31.2708295212
            ],
            [
              121.5645215767,
              31.270638695
            ],
            [
              121.5647052886,
              31.2704478687
            ],
            [
              121.5648619432,
              31.2702570425
            ],
            [
              121.5650185978,
              31.2700662162
            ],
            [
              121.5651739511,
              31.26987539
            ],
            [
              121.5653210585,
              31.2696845637
            ],
            [
              121.5654681659,
              31.2694937375
            ],
            [
              121.5656056424,
              31.2693029112
            ]
          ]
        ]
      }
    },
    {
      "type": "Feature",
      "properties": {
        "id": "sector_senlan",
        "sectorId": "sector_senlan",
        "name": "森兰",
        "candidateStatus": "selected-market-candidate",
        "selectedForAssembly": true,
        "reviewStatus": "draft-medium",
        "coordinateSystem": "OGC:CRS84",
        "geometrySourceSnapshotId": "osm-geofabrik-shanghai-260721",
        "geometryMethod": "user_scope_two_locked_osm_road_faces_union",
        "boundaryBasis": "杨高北路—张杨北路—赵家沟—航津路主包络，并入浦东北路—张杨北路—五洲大道—洲海路西侧凸出片。",
        "sharedEdgeSectorIds": [
          "sector_gaohang",
          "sector_waigaoqiao"
        ]
      },
      "geometry": {
        "type": "Polygon",
        "coordinates": [
          [
            [
              121.5852274405,
              31.3194043857
            ],
            [
              121.585224644,
              31.3189943297
            ],
            [
              121.5852240719,
              31.3186079243
            ],
            [
              121.5851006012,
              31.3186065738
            ],
            [
              121.5848544772,
              31.3186057104
            ],
            [
              121.5846083533,
              31.3186048469
            ],
            [
              121.5843622293,
              31.3186039835
            ],
            [
              121.5841161054,
              31.31860312
            ],
            [
              121.5838699815,
              31.3186022566
            ],
            [
              121.5836238575,
              31.3186013931
            ],
            [
              121.5833777336,
              31.3186005297
            ],
            [
              121.5831316097,
              31.3185996662
            ],
            [
              121.5828854857,
              31.3185988028
            ],
            [
              121.5826393618,
              31.3185979393
            ],
            [
              121.5823932378,
              31.318597063
            ],
            [
              121.5821471139,
              31.3185962092
            ],
            [
              121.58190099,
              31.3185953851
            ],
            [
              121.581654866,
              31.3185945609
            ],
            [
              121.5814087421,
              31.3185937367
            ],
            [
              121.5811626181,
              31.3185929125
            ],
            [
              121.5809164942,
              31.3185920883
            ],
            [
              121.5806703703,
              31.3185912642
            ],
            [
              121.5804242463,
              31.31859044
            ],
            [
              121.5801781224,
              31.3185896158
            ],
            [
              121.5799319985,
              31.3185887916
            ],
            [
              121.5796858745,
              31.3185879675
            ],
            [
              121.5794397506,
              31.3185871433
            ],
            [
              121.5791936266,
              31.3185863191
            ],
            [
              121.5789475027,
              31.3185854949
            ],
            [
              121.5787013788,
              31.3185850054
            ],
            [
              121.5784552548,
              31.3185845999
            ],
            [
              121.5782091309,
              31.3185841944
            ],
            [
              121.5779630069,
              31.318583789
            ],
            [
              121.577716883,
              31.3185833835
            ],
            [
              121.5774707591,
              31.318582978
            ],
            [
              121.5772246351,
              31.3185825726
            ],
            [
              121.5769785112,
              31.3185821671
            ],
            [
              121.5767323873,
              31.3185817616
            ],
            [
              121.5764862633,
              31.3185813561
            ],
            [
              121.5762401394,
              31.3185809507
            ],
            [
              121.5759940154,
              31.3185805452
            ],
            [
              121.5757478915,
              31.3185801397
            ],
            [
              121.5755017676,
              31.3185797343
            ],
            [
              121.5752556436,
              31.3185793291
            ],
            [
              121.5750095197,
              31.3185789234
            ],
            [
              121.5747633958,
              31.3185785173
            ],
            [
              121.5745172718,
              31.3185781117
            ],
            [
              121.5742711479,
              31.3185777061
            ],
            [
              121.5740250239,
              31.3185773029
            ],
            [
              121.5738208573,
              31.3185197313
            ],
            [
              121.573821108,
              31.318228878
            ],
            [
              121.5738216172,
              31.3179352583
            ],
            [
              121.5738221265,
              31.3176416386
            ],
            [
              121.5738226357,
              31.3173480189
            ],
            [
              121.5738231449,
              31.3170543992
            ],
            [
              121.57382366,
              31.3167607795
            ],
            [
              121.5738244691,
              31.3164671598
            ],
            [
              121.5738255259,
              31.3161735402
            ],
            [
              121.5738265826,
              31.3158799205
            ],
            [
              121.5738276394,
              31.3155863008
            ],
            [
              121.573828698,
              31.3152926811
            ],
            [
              121.5738297575,
              31.3149990614
            ],
            [
              121.573830817,
              31.3147054417
            ],
            [
              121.5738318766,
              31.314411822
            ],
            [
              121.5738329361,
              31.3141182023
            ],
            [
              121.5738339956,
              31.3138245826
            ],
            [
              121.5738350552,
              31.3135309629
            ],
            [
              121.5738361147,
              31.3132373432
            ],
            [
              121.5738371743,
              31.3129437236
            ],
            [
              121.5738382338,
              31.3126501039
            ],
            [
              121.5738392933,
              31.3123564842
            ],
            [
              121.5738403529,
              31.3120628645
            ],
            [
              121.5738414168,
              31.3117692448
            ],
            [
              121.5738420615,
              31.3114756251
            ],
            [
              121.5738421,
              31.3111820054
            ],
            [
              121.5738421,
              31.3108883857
            ],
            [
              121.5738421,
              31.310594766
            ],
            [
              121.5738421,
              31.3103011463
            ],
            [
              121.5738421,
              31.3100075266
            ],
            [
              121.5738421,
              31.3097139069
            ],
            [
              121.5738421,
              31.3094202873
            ],
            [
              121.5738421,
              31.3091266676
            ],
            [
              121.5738421,
              31.3088330479
            ],
            [
              121.5738421,
              31.3085394282
            ],
            [
              121.5738423757,
              31.3082458085
            ],
            [
              121.5738426937,
              31.3079521888
            ],
            [
              121.5738430267,
              31.3076585691
            ],
            [
              121.5738433671,
              31.3073649494
            ],
            [
              121.5738469866,
              31.3070713297
            ],
            [
              121.5738489917,
              31.30677771
            ],
            [
              121.5738518065,
              31.3064840903
            ],
            [
              121.5738546117,
              31.3061904707
            ],
            [
              121.5738608066,
              31.3059610347
            ],
            [
              121.5740665429,
              31.3059626573
            ],
            [
              121.5743630575,
              31.3059629401
            ],
            [
              121.5746595722,
              31.305961598
            ],
            [
              121.5749560869,
              31.305960256
            ],
            [
              121.5752526015,
              31.305958914
            ],
            [
              121.5755491162,
              31.3059575719
            ],
            [
              121.5758456309,
              31.3059564204
            ],
            [
              121.5761421456,
              31.3059554259
            ],
            [
              121.5764386602,
              31.3059544314
            ],
            [
              121.5767351749,
              31.3059539446
            ],
            [
              121.5770316896,
              31.3059539959
            ],
            [
              121.5773282042,
              31.3059540471
            ],
            [
              121.5776247189,
              31.3059540983
            ],
            [
              121.5779212336,
              31.3059541496
            ],
            [
              121.5782177483,
              31.3059542008
            ],
            [
              121.5785142629,
              31.305954252
            ],
            [
              121.5788107776,
              31.3059543032
            ],
            [
              121.5791072923,
              31.3059543545
            ],
            [
              121.5794038069,
              31.3059544057
            ],
            [
              121.5797003216,
              31.3059544569
            ],
            [
              121.5799968363,
              31.3059545082
            ],
            [
              121.580293351,
              31.3059545594
            ],
            [
              121.5805898656,
              31.3059547323
            ],
            [
              121.5808863803,
              31.3059552863
            ],
            [
              121.581182895,
              31.3059558023
            ],
            [
              121.5814794097,
              31.3059564465
            ],
            [
              121.5817759243,
              31.3059578723
            ],
            [
              121.582072439,
              31.305959726
            ],
            [
              121.5823689537,
              31.3059615797
            ],
            [
              121.5826654683,
              31.3059634334
            ],
            [
              121.582961983,
              31.3059652871
            ],
            [
              121.5832584977,
              31.3059671408
            ],
            [
              121.5835550124,
              31.3059689945
            ],
            [
              121.583851527,
              31.3059708482
            ],
            [
              121.5841480417,
              31.3059727019
            ],
            [
              121.5844445564,
              31.3059737083
            ],
            [
              121.584741071,
              31.3059736122
            ],
            [
              121.5850375857,
              31.3059736941
            ],
            [
              121.5851591622,
              31.3059738617
            ],
            [
              121.5851551913,
              31.3058725382
            ],
            [
              121.5851368848,
              31.3054624822
            ],
            [
              121.5851188736,
              31.3050524263
            ],
            [
              121.5851042732,
              31.3046423703
            ],
            [
              121.5850907015,
              31.3042323143
            ],
            [
              121.5850749305,
              31.3038222583
            ],
            [
              121.5850610384,
              31.3034122023
            ],
            [
              121.5850606551,
              31.3030021463
            ],
            [
              121.5850512799,
              31.3025920903
            ],
            [
              121.5850254064,
              31.3021820344
            ],
            [
              121.5849967567,
              31.3017719784
            ],
            [
              121.5849772946,
              31.3013619224
            ],
            [
              121.5849612806,
              31.3009518664
            ],
            [
              121.5849452666,
              31.3005418104
            ],
            [
              121.5849293426,
              31.3001317544
            ],
            [
              121.5849134378,
              31.2997216985
            ],
            [
              121.584897533,
              31.2993116425
            ],
            [
              121.5848816282,
              31.2989015865
            ],
            [
              121.584864516,
              31.2984915305
            ],
            [
              121.5848451438,
              31.2980814745
            ],
            [
              121.584827726,
              31.2976714185
            ],
            [
              121.5848103081,
              31.2972613625
            ],
            [
              121.5847928902,
              31.2968513066
            ],
            [
              121.5847754723,
              31.2964412506
            ],
            [
              121.5847580544,
              31.2960311946
            ],
            [
              121.5847406365,
              31.2956211386
            ],
            [
              121.5847232187,
              31.2952110826
            ],
            [
              121.5847058008,
              31.2948010266
            ],
            [
              121.5846883829,
              31.2943909707
            ],
            [
              121.5846709406,
              31.2939809147
            ],
            [
              121.5846549293,
              31.2935708587
            ],
            [
              121.5846483316,
              31.2931608027
            ],
            [
              121.5846384519,
              31.2927507467
            ],
            [
              121.5846218156,
              31.2923406907
            ],
            [
              121.5846051794,
              31.2919306347
            ],
            [
              121.5845895299,
              31.2915205788
            ],
            [
              121.5845716385,
              31.2911105228
            ],
            [
              121.5845537472,
              31.2907004668
            ],
            [
              121.5845358558,
              31.2902904108
            ],
            [
              121.5845179645,
              31.2898803548
            ],
            [
              121.5845001846,
              31.2894702988
            ],
            [
              121.584483133,
              31.2890602429
            ],
            [
              121.5844817069,
              31.2890259489
            ],
            [
              121.5845117838,
              31.28902539
            ],
            [
              121.5850106263,
              31.2890161189
            ],
            [
              121.5855094687,
              31.2890068479
            ],
            [
              121.5860083112,
              31.2890176206
            ],
            [
              121.5865071537,
              31.2890196095
            ],
            [
              121.5870059961,
              31.2890183882
            ],
            [
              121.5875048386,
              31.289017167
            ],
            [
              121.5880036811,
              31.2890159457
            ],
            [
              121.5885025236,
              31.2890381194
            ],
            [
              121.589001366,
              31.2890864509
            ],
            [
              121.5895002085,
              31.2891347823
            ],
            [
              121.589999051,
              31.2891831138
            ],
            [
              121.5904978934,
              31.2892433651
            ],
            [
              121.5909967359,
              31.2893315783
            ],
            [
              121.5914955784,
              31.2894197916
            ],
            [
              121.5919944208,
              31.2895080049
            ],
            [
              121.5924932633,
              31.2895962182
            ],
            [
              121.5929921058,
              31.2896844314
            ],
            [
              121.5934909483,
              31.2897726447
            ],
            [
              121.5939897907,
              31.2898608646
            ],
            [
              121.5944886332,
              31.2899490854
            ],
            [
              121.5949874757,
              31.2900373062
            ],
            [
              121.5954863181,
              31.290125527
            ],
            [
              121.5959851606,
              31.2902137478
            ],
            [
              121.5964840031,
              31.2903019686
            ],
            [
              121.5969828456,
              31.2903901894
            ],
            [
              121.597481688,
              31.2904723176
            ],
            [
              121.5979805305,
              31.2905516411
            ],
            [
              121.598479373,
              31.2906309645
            ],
            [
              121.5989782154,
              31.290710288
            ],
            [
              121.5994770579,
              31.2907858946
            ],
            [
              121.5999759004,
              31.2908039412
            ],
            [
              121.600105934,
              31.2908086454
            ],
            [
              121.6001052539,
              31.2911375185
            ],
            [
              121.6001044484,
              31.2915270097
            ],
            [
              121.6001036428,
              31.2919165008
            ],
            [
              121.6001028373,
              31.2923059919
            ],
            [
              121.6001020317,
              31.292695483
            ],
            [
              121.6001012262,
              31.2930849741
            ],
            [
              121.6001004206,
              31.2934744653
            ],
            [
              121.600099615,
              31.2938639564
            ],
            [
              121.6000988095,
              31.2942534475
            ],
            [
              121.6000980039,
              31.2946429386
            ],
            [
              121.6000971984,
              31.2950324297
            ],
            [
              121.600096798,
              31.2954219208
            ],
            [
              121.600097555,
              31.295811412
            ],
            [
              121.600098394,
              31.2962009031
            ],
            [
              121.600099461,
              31.2965903942
            ],
            [
              121.6001005281,
              31.2969798853
            ],
            [
              121.6001015952,
              31.2973693764
            ],
            [
              121.6000986844,
              31.2977588676
            ],
            [
              121.6001005394,
              31.2981483587
            ],
            [
              121.6001023945,
              31.2985378498
            ],
            [
              121.6001005936,
              31.2989273409
            ],
            [
              121.6000986947,
              31.299316832
            ],
            [
              121.6001006062,
              31.2997063232
            ],
            [
              121.6001025177,
              31.3000958143
            ],
            [
              121.6001044291,
              31.3004853054
            ],
            [
              121.6001063406,
              31.3008747965
            ],
            [
              121.6001082521,
              31.3012642876
            ],
            [
              121.6001101635,
              31.3016537788
            ],
            [
              121.600112075,
              31.3020432699
            ],
            [
              121.6001139865,
              31.302432761
            ],
            [
              121.6001158979,
              31.3028222521
            ],
            [
              121.6001161065,
              31.3032117432
            ],
            [
              121.6001116763,
              31.3036012344
            ],
            [
              121.6001072461,
              31.3039907255
            ],
            [
              121.6001037471,
              31.3043802166
            ],
            [
              121.6001031624,
              31.3047697077
            ],
            [
              121.6001025657,
              31.3051591988
            ],
            [
              121.6001019663,
              31.30554869
            ],
            [
              121.6001013668,
              31.3059381811
            ],
            [
              121.6001010337,
              31.3063276722
            ],
            [
              121.6001013605,
              31.3067171633
            ],
            [
              121.6001016874,
              31.3071066544
            ],
            [
              121.6001020142,
              31.3074961456
            ],
            [
              121.600102341,
              31.3078856367
            ],
            [
              121.6001026679,
              31.3082751278
            ],
            [
              121.6001029947,
              31.3086646189
            ],
            [
              121.6001020686,
              31.30905411
            ],
            [
              121.6001002719,
              31.3094436012
            ],
            [
              121.6000984751,
              31.3098330923
            ],
            [
              121.6000981017,
              31.3102225834
            ],
            [
              121.6000977449,
              31.3106120745
            ],
            [
              121.600099286,
              31.3110015656
            ],
            [
              121.600098954,
              31.3113910568
            ],
            [
              121.6000986399,
              31.3117805479
            ],
            [
              121.6000983259,
              31.312170039
            ],
            [
              121.6000980118,
              31.3125595301
            ],
            [
              121.6000976978,
              31.3129490212
            ],
            [
              121.6000973837,
              31.3133385124
            ],
            [
              121.6000962661,
              31.3137280035
            ],
            [
              121.6000943195,
              31.3141174946
            ],
            [
              121.6000923729,
              31.3145069857
            ],
            [
              121.6000904313,
              31.3148964768
            ],
            [
              121.6000891729,
              31.315285968
            ],
            [
              121.6000879408,
              31.3156754591
            ],
            [
              121.6000867087,
              31.3160649502
            ],
            [
              121.6000854765,
              31.3164544413
            ],
            [
              121.6000864851,
              31.3168439324
            ],
            [
              121.6000897605,
              31.3172334236
            ],
            [
              121.600093036,
              31.3176229147
            ],
            [
              121.6000894075,
              31.3180124058
            ],
            [
              121.6000612375,
              31.3184018969
            ],
            [
              121.6000187264,
              31.318791388
            ],
            [
              121.5999530441,
              31.3191808792
            ],
            [
              121.5998498987,
              31.3195703703
            ],
            [
              121.5997352033,
              31.3199598614
            ],
            [
              121.5996098483,
              31.3203493525
            ],
            [
              121.5994677716,
              31.3207388436
            ],
            [
              121.5992846988,
              31.3211283347
            ],
            [
              121.599085212,
              31.3215178259
            ],
            [
              121.5988723579,
              31.321907317
            ],
            [
              121.5986476395,
              31.3222968081
            ],
            [
              121.5984266378,
              31.3226862992
            ],
            [
              121.5982076618,
              31.3230757903
            ],
            [
              121.5979886858,
              31.3234652815
            ],
            [
              121.5977697097,
              31.3238547726
            ],
            [
              121.5975507337,
              31.3242442637
            ],
            [
              121.597328326,
              31.3246337548
            ],
            [
              121.597102477,
              31.3250232459
            ],
            [
              121.596876297,
              31.3254127371
            ],
            [
              121.5966458501,
              31.3258022282
            ],
            [
              121.5964154032,
              31.3261917193
            ],
            [
              121.5961849564,
              31.3265812104
            ],
            [
              121.5959545095,
              31.3269707015
            ],
            [
              121.5957261106,
              31.3273601927
            ],
            [
              121.5954985617,
              31.3277496838
            ],
            [
              121.5952710129,
              31.3281391749
            ],
            [
              121.595043464,
              31.328528666
            ],
            [
              121.5948159152,
              31.3289181571
            ],
            [
              121.5945883663,
              31.3293076483
            ],
            [
              121.5943619955,
              31.3296971394
            ],
            [
              121.5941368198,
              31.3300866305
            ],
            [
              121.5939116442,
              31.3304761216
            ],
            [
              121.5936864685,
              31.3308656127
            ],
            [
              121.5934583511,
              31.3312551039
            ],
            [
              121.5932296949,
              31.331644595
            ],
            [
              121.5930010387,
              31.3320340861
            ],
            [
              121.5927731647,
              31.3324235772
            ],
            [
              121.5925461329,
              31.3328130683
            ],
            [
              121.5923202426,
              31.3332025595
            ],
            [
              121.5922709196,
              31.3332914012
            ],
            [
              121.5921926363,
              31.3332882814
            ],
            [
              121.5920021243,
              31.3332879174
            ],
            [
              121.5918116124,
              31.3332856004
            ],
            [
              121.5916211004,
              31.3332833066
            ],
            [
              121.5914305884,
              31.3332810235
            ],
            [
              121.5912400764,
              31.3332787405
            ],
            [
              121.5910495645,
              31.3332764575
            ],
            [
              121.5908590525,
              31.3332741745
            ],
            [
              121.5906685405,
              31.3332721364
            ],
            [
              121.5904780286,
              31.3332704235
            ],
            [
              121.5902875166,
              31.3332687106
            ],
            [
              121.5900970046,
              31.3332669976
            ],
            [
              121.5899064927,
              31.3332652847
            ],
            [
              121.5897159807,
              31.3332635718
            ],
            [
              121.5895254687,
              31.3332618588
            ],
            [
              121.5893349568,
              31.3332601459
            ],
            [
              121.5891444448,
              31.3332584329
            ],
            [
              121.5889539328,
              31.33325672
            ],
            [
              121.5887634208,
              31.3332550071
            ],
            [
              121.5885729089,
              31.3332532941
            ],
            [
              121.5883823969,
              31.3332515812
            ],
            [
              121.5881918849,
              31.3332498683
            ],
            [
              121.588001373,
              31.3332472829
            ],
            [
              121.587810861,
              31.333244822
            ],
            [
              121.587620349,
              31.3332430538
            ],
            [
              121.5874298371,
              31.3332412857
            ],
            [
              121.5872393251,
              31.3332395175
            ],
            [
              121.5870488131,
              31.3332377494
            ],
            [
              121.5868583012,
              31.3332359812
            ],
            [
              121.5866677892,
              31.3332342131
            ],
            [
              121.5864772772,
              31.3332324449
            ],
            [
              121.5862867653,
              31.3332306768
            ],
            [
              121.5860962533,
              31.3332289086
            ],
            [
              121.5859057413,
              31.3332271405
            ],
            [
              121.5857152293,
              31.3332253723
            ],
            [
              121.5855247174,
              31.3332236042
            ],
            [
              121.5853342054,
              31.333221836
            ],
            [
              121.5851436934,
              31.3332200678
            ],
            [
              121.5849531815,
              31.3332195602
            ],
            [
              121.5847837849,
              31.3332250261
            ],
            [
              121.5849271636,
              31.3329362332
            ],
            [
              121.5850652552,
              31.3325261772
            ],
            [
              121.5851629729,
              31.3321161212
            ],
            [
              121.585231844,
              31.3317060653
            ],
            [
              121.5852644582,
              31.3312960093
            ],
            [
              121.5852660268,
              31.3308859533
            ],
            [
              121.5852645455,
              31.3304758973
            ],
            [
              121.5852629248,
              31.3300658413
            ],
            [
              121.5852613002,
              31.3296557853
            ],
            [
              121.5852596574,
              31.3292457293
            ],
            [
              121.5852581139,
              31.3288356734
            ],
            [
              121.5852572442,
              31.3284256174
            ],
            [
              121.5852572664,
              31.3280155614
            ],
            [
              121.5852572843,
              31.3276055054
            ],
            [
              121.5852572918,
              31.3271954494
            ],
            [
              121.5852572993,
              31.3267853934
            ],
            [
              121.5852563187,
              31.3263753375
            ],
            [
              121.5852560243,
              31.3259652815
            ],
            [
              121.5852557683,
              31.3255552255
            ],
            [
              121.5852557436,
              31.3251451695
            ],
            [
              121.5852557189,
              31.3247351135
            ],
            [
              121.5852556949,
              31.3243250575
            ],
            [
              121.5852556711,
              31.3239150015
            ],
            [
              121.5852553929,
              31.3235049456
            ],
            [
              121.5852551099,
              31.3230948896
            ],
            [
              121.5852525937,
              31.3226848336
            ],
            [
              121.5852458588,
              31.3222747776
            ],
            [
              121.5852425134,
              31.3218647216
            ],
            [
              121.5852401907,
              31.3214546656
            ],
            [
              121.5852378766,
              31.3210446097
            ],
            [
              121.5852355597,
              31.3206345537
            ],
            [
              121.5852330335,
              31.3202244977
            ],
            [
              121.585230237,
              31.3198144417
            ],
            [
              121.5852274405,
              31.3194043857
            ]
          ]
        ]
      }
    },
    {
      "type": "Feature",
      "properties": {
        "id": "sector_gaohang",
        "sectorId": "sector_gaohang",
        "name": "高行",
        "candidateStatus": "selected-market-candidate",
        "selectedForAssembly": true,
        "reviewStatus": "draft-medium",
        "coordinateSystem": "OGC:CRS84",
        "geometrySourceSnapshotId": "osm-geofabrik-shanghai-260721",
        "geometryMethod": "admin_relation_south_of_hangjin_minus_senlan",
        "boundaryBasis": "固定高行镇行政骨架取航津路以南，并严格扣除森兰。",
        "sharedEdgeSectorIds": [
          "sector_senlan",
          "sector_waigaoqiao",
          "sector_caolu"
        ]
      },
      "geometry": {
        "type": "MultiPolygon",
        "coordinates": [
          [
            [
              [
                121.5940189,
                31.3307105
              ],
              [
                121.5923169709,
                31.3332932364
              ],
              [
                121.5922709196,
                31.3332914012
              ],
              [
                121.5923202426,
                31.3332025595
              ],
              [
                121.5925461329,
                31.3328130683
              ],
              [
                121.5927731647,
                31.3324235772
              ],
              [
                121.5930010387,
                31.3320340861
              ],
              [
                121.5932296949,
                31.331644595
              ],
              [
                121.5934583511,
                31.3312551039
              ],
              [
                121.5936864685,
                31.3308656127
              ],
              [
                121.5939116442,
                31.3304761216
              ],
              [
                121.5941368198,
                31.3300866305
              ],
              [
                121.5943619955,
                31.3296971394
              ],
              [
                121.5945883663,
                31.3293076483
              ],
              [
                121.5948159152,
                31.3289181571
              ],
              [
                121.595043464,
                31.328528666
              ],
              [
                121.5952710129,
                31.3281391749
              ],
              [
                121.5954985617,
                31.3277496838
              ],
              [
                121.5957261106,
                31.3273601927
              ],
              [
                121.5959545095,
                31.3269707015
              ],
              [
                121.5961849564,
                31.3265812104
              ],
              [
                121.5964154032,
                31.3261917193
              ],
              [
                121.5966458501,
                31.3258022282
              ],
              [
                121.596876297,
                31.3254127371
              ],
              [
                121.597102477,
                31.3250232459
              ],
              [
                121.597328326,
                31.3246337548
              ],
              [
                121.5975507337,
                31.3242442637
              ],
              [
                121.5977697097,
                31.3238547726
              ],
              [
                121.5979886858,
                31.3234652815
              ],
              [
                121.5982076618,
                31.3230757903
              ],
              [
                121.5984266378,
                31.3226862992
              ],
              [
                121.5986476395,
                31.3222968081
              ],
              [
                121.5988723579,
                31.321907317
              ],
              [
                121.599085212,
                31.3215178259
              ],
              [
                121.5992846988,
                31.3211283347
              ],
              [
                121.5993412697,
                31.3210079789
              ],
              [
                121.5995121,
                31.3211241
              ],
              [
                121.5995335,
                31.3222423
              ],
              [
                121.6000485,
                31.3223156
              ],
              [
                121.6006064,
                31.3228288
              ],
              [
                121.6019368,
                31.323947
              ],
              [
                121.6011643,
                31.3249551
              ],
              [
                121.6014647,
                31.3254317
              ],
              [
                121.6020441,
                31.3260549
              ],
              [
                121.6044044,
                31.3276129
              ],
              [
                121.6043615,
                31.3279245
              ],
              [
                121.6032672,
                31.3275396
              ],
              [
                121.6006493,
                31.3284194
              ],
              [
                121.6000271,
                31.3290243
              ],
              [
                121.5994906,
                31.3298124
              ],
              [
                121.5986109,
                31.3303806
              ],
              [
                121.5982246,
                31.3299957
              ],
              [
                121.5973663,
                31.3298124
              ],
              [
                121.596272,
                31.3306739
              ],
              [
                121.5957999,
                31.3303623
              ],
              [
                121.5946412,
                31.3303623
              ],
              [
                121.5940189,
                31.3307105
              ]
            ]
          ],
          [
            [
              [
                121.5753722,
                31.2890218
              ],
              [
                121.5810156,
                31.2890585
              ],
              [
                121.5844860943,
                31.2891314572
              ],
              [
                121.5845001846,
                31.2894702988
              ],
              [
                121.5845179645,
                31.2898803548
              ],
              [
                121.5845358558,
                31.2902904108
              ],
              [
                121.5845537472,
                31.2907004668
              ],
              [
                121.5845716385,
                31.2911105228
              ],
              [
                121.5845895299,
                31.2915205788
              ],
              [
                121.5846051794,
                31.2919306347
              ],
              [
                121.5846218156,
                31.2923406907
              ],
              [
                121.5846384519,
                31.2927507467
              ],
              [
                121.5846483316,
                31.2931608027
              ],
              [
                121.5846549293,
                31.2935708587
              ],
              [
                121.5846709406,
                31.2939809147
              ],
              [
                121.5846883829,
                31.2943909707
              ],
              [
                121.5847058008,
                31.2948010266
              ],
              [
                121.5847232187,
                31.2952110826
              ],
              [
                121.5847406365,
                31.2956211386
              ],
              [
                121.5847580544,
                31.2960311946
              ],
              [
                121.5847754723,
                31.2964412506
              ],
              [
                121.5847928902,
                31.2968513066
              ],
              [
                121.5848103081,
                31.2972613625
              ],
              [
                121.584827726,
                31.2976714185
              ],
              [
                121.5848451438,
                31.2980814745
              ],
              [
                121.584864516,
                31.2984915305
              ],
              [
                121.5848816282,
                31.2989015865
              ],
              [
                121.584897533,
                31.2993116425
              ],
              [
                121.5849134378,
                31.2997216985
              ],
              [
                121.5849293426,
                31.3001317544
              ],
              [
                121.5849452666,
                31.3005418104
              ],
              [
                121.5849612806,
                31.3009518664
              ],
              [
                121.5849772946,
                31.3013619224
              ],
              [
                121.5849967567,
                31.3017719784
              ],
              [
                121.5850254064,
                31.3021820344
              ],
              [
                121.5850512799,
                31.3025920903
              ],
              [
                121.5850606551,
                31.3030021463
              ],
              [
                121.5850610384,
                31.3034122023
              ],
              [
                121.5850749305,
                31.3038222583
              ],
              [
                121.5850907015,
                31.3042323143
              ],
              [
                121.5851042732,
                31.3046423703
              ],
              [
                121.5851188736,
                31.3050524263
              ],
              [
                121.5851368848,
                31.3054624822
              ],
              [
                121.5851551913,
                31.3058725382
              ],
              [
                121.5851591622,
                31.3059738617
              ],
              [
                121.5850375857,
                31.3059736941
              ],
              [
                121.584741071,
                31.3059736122
              ],
              [
                121.5844445564,
                31.3059737083
              ],
              [
                121.5841480417,
                31.3059727019
              ],
              [
                121.583851527,
                31.3059708482
              ],
              [
                121.5835550124,
                31.3059689945
              ],
              [
                121.5832584977,
                31.3059671408
              ],
              [
                121.582961983,
                31.3059652871
              ],
              [
                121.5826654683,
                31.3059634334
              ],
              [
                121.5823689537,
                31.3059615797
              ],
              [
                121.582072439,
                31.305959726
              ],
              [
                121.5817759243,
                31.3059578723
              ],
              [
                121.5814794097,
                31.3059564465
              ],
              [
                121.581182895,
                31.3059558023
              ],
              [
                121.5808863803,
                31.3059552863
              ],
              [
                121.5805898656,
                31.3059547323
              ],
              [
                121.580293351,
                31.3059545594
              ],
              [
                121.5799968363,
                31.3059545082
              ],
              [
                121.5797003216,
                31.3059544569
              ],
              [
                121.5794038069,
                31.3059544057
              ],
              [
                121.5791072923,
                31.3059543545
              ],
              [
                121.5788107776,
                31.3059543032
              ],
              [
                121.5785142629,
                31.305954252
              ],
              [
                121.5782177483,
                31.3059542008
              ],
              [
                121.5779212336,
                31.3059541496
              ],
              [
                121.5776247189,
                31.3059540983
              ],
              [
                121.5773282042,
                31.3059540471
              ],
              [
                121.5770316896,
                31.3059539959
              ],
              [
                121.5767351749,
                31.3059539446
              ],
              [
                121.5764386602,
                31.3059544314
              ],
              [
                121.5761421456,
                31.3059554259
              ],
              [
                121.5758456309,
                31.3059564204
              ],
              [
                121.5755491162,
                31.3059575719
              ],
              [
                121.5752526015,
                31.305958914
              ],
              [
                121.5749560869,
                31.305960256
              ],
              [
                121.5746595722,
                31.305961598
              ],
              [
                121.5743630575,
                31.3059629401
              ],
              [
                121.5740665429,
                31.3059626573
              ],
              [
                121.5738608066,
                31.3059610347
              ],
              [
                121.5738546117,
                31.3061904707
              ],
              [
                121.5738518065,
                31.3064840903
              ],
              [
                121.5738489917,
                31.30677771
              ],
              [
                121.5738469866,
                31.3070713297
              ],
              [
                121.5738433671,
                31.3073649494
              ],
              [
                121.5738430267,
                31.3076585691
              ],
              [
                121.5738426937,
                31.3079521888
              ],
              [
                121.5738423757,
                31.3082458085
              ],
              [
                121.5738421,
                31.3085394282
              ],
              [
                121.5738421,
                31.3088330479
              ],
              [
                121.5738421,
                31.3091266676
              ],
              [
                121.5738421,
                31.3094202873
              ],
              [
                121.5738421,
                31.3097139069
              ],
              [
                121.5738421,
                31.3100075266
              ],
              [
                121.5738421,
                31.3103011463
              ],
              [
                121.5738421,
                31.310594766
              ],
              [
                121.5738421,
                31.3108883857
              ],
              [
                121.5738421,
                31.3111820054
              ],
              [
                121.5738420615,
                31.3114756251
              ],
              [
                121.5738414168,
                31.3117692448
              ],
              [
                121.5738403529,
                31.3120628645
              ],
              [
                121.5738392933,
                31.3123564842
              ],
              [
                121.5738382338,
                31.3126501039
              ],
              [
                121.5738371743,
                31.3129437236
              ],
              [
                121.5738361147,
                31.3132373432
              ],
              [
                121.5738350552,
                31.3135309629
              ],
              [
                121.5738339956,
                31.3138245826
              ],
              [
                121.5738329361,
                31.3141182023
              ],
              [
                121.5738318766,
                31.314411822
              ],
              [
                121.573830817,
                31.3147054417
              ],
              [
                121.5738297575,
                31.3149990614
              ],
              [
                121.573828698,
                31.3152926811
              ],
              [
                121.5738276394,
                31.3155863008
              ],
              [
                121.5738265826,
                31.3158799205
              ],
              [
                121.5738255259,
                31.3161735402
              ],
              [
                121.5738244691,
                31.3164671598
              ],
              [
                121.57382366,
                31.3167607795
              ],
              [
                121.5738231449,
                31.3170543992
              ],
              [
                121.5738226357,
                31.3173480189
              ],
              [
                121.5738221265,
                31.3176416386
              ],
              [
                121.5738216172,
                31.3179352583
              ],
              [
                121.573821108,
                31.318228878
              ],
              [
                121.5738208573,
                31.3185197313
              ],
              [
                121.5740250239,
                31.3185773029
              ],
              [
                121.5742711479,
                31.3185777061
              ],
              [
                121.5745172718,
                31.3185781117
              ],
              [
                121.5747633958,
                31.3185785173
              ],
              [
                121.5750095197,
                31.3185789234
              ],
              [
                121.5752556436,
                31.3185793291
              ],
              [
                121.5755017676,
                31.3185797343
              ],
              [
                121.5757478915,
                31.3185801397
              ],
              [
                121.5759940154,
                31.3185805452
              ],
              [
                121.5762401394,
                31.3185809507
              ],
              [
                121.5764862633,
                31.3185813561
              ],
              [
                121.5767323873,
                31.3185817616
              ],
              [
                121.5769785112,
                31.3185821671
              ],
              [
                121.5772246351,
                31.3185825726
              ],
              [
                121.5774707591,
                31.318582978
              ],
              [
                121.577716883,
                31.3185833835
              ],
              [
                121.5779630069,
                31.318583789
              ],
              [
                121.5782091309,
                31.3185841944
              ],
              [
                121.5784552548,
                31.3185845999
              ],
              [
                121.5787013788,
                31.3185850054
              ],
              [
                121.5789475027,
                31.3185854949
              ],
              [
                121.5791936266,
                31.3185863191
              ],
              [
                121.5794397506,
                31.3185871433
              ],
              [
                121.5796858745,
                31.3185879675
              ],
              [
                121.5799319985,
                31.3185887916
              ],
              [
                121.5801781224,
                31.3185896158
              ],
              [
                121.5804242463,
                31.31859044
              ],
              [
                121.5806703703,
                31.3185912642
              ],
              [
                121.5809164942,
                31.3185920883
              ],
              [
                121.5811626181,
                31.3185929125
              ],
              [
                121.5814087421,
                31.3185937367
              ],
              [
                121.581654866,
                31.3185945609
              ],
              [
                121.58190099,
                31.3185953851
              ],
              [
                121.5821471139,
                31.3185962092
              ],
              [
                121.5823932378,
                31.318597063
              ],
              [
                121.5826393618,
                31.3185979393
              ],
              [
                121.5828854857,
                31.3185988028
              ],
              [
                121.5831316097,
                31.3185996662
              ],
              [
                121.5833777336,
                31.3186005297
              ],
              [
                121.5836238575,
                31.3186013931
              ],
              [
                121.5838699815,
                31.3186022566
              ],
              [
                121.5841161054,
                31.31860312
              ],
              [
                121.5843622293,
                31.3186039835
              ],
              [
                121.5846083533,
                31.3186048469
              ],
              [
                121.5848544772,
                31.3186057104
              ],
              [
                121.5851006012,
                31.3186065738
              ],
              [
                121.5852240719,
                31.3186079243
              ],
              [
                121.585224644,
                31.3189943297
              ],
              [
                121.5852274405,
                31.3194043857
              ],
              [
                121.585230237,
                31.3198144417
              ],
              [
                121.5852330335,
                31.3202244977
              ],
              [
                121.5852355597,
                31.3206345537
              ],
              [
                121.5852378766,
                31.3210446097
              ],
              [
                121.5852401907,
                31.3214546656
              ],
              [
                121.5852425134,
                31.3218647216
              ],
              [
                121.5852458588,
                31.3222747776
              ],
              [
                121.5852525937,
                31.3226848336
              ],
              [
                121.5852551099,
                31.3230948896
              ],
              [
                121.5852553929,
                31.3235049456
              ],
              [
                121.5852556711,
                31.3239150015
              ],
              [
                121.5852556949,
                31.3243250575
              ],
              [
                121.5852557189,
                31.3247351135
              ],
              [
                121.5852557436,
                31.3251451695
              ],
              [
                121.5852557683,
                31.3255552255
              ],
              [
                121.5852560243,
                31.3259652815
              ],
              [
                121.5852563187,
                31.3263753375
              ],
              [
                121.5852572993,
                31.3267853934
              ],
              [
                121.5852572918,
                31.3271954494
              ],
              [
                121.5852572843,
                31.3276055054
              ],
              [
                121.5852572664,
                31.3280155614
              ],
              [
                121.5852572442,
                31.3284256174
              ],
              [
                121.5852581139,
                31.3288356734
              ],
              [
                121.5852596574,
                31.3292457293
              ],
              [
                121.5852613002,
                31.3296557853
              ],
              [
                121.5852629248,
                31.3300658413
              ],
              [
                121.5852645455,
                31.3304758973
              ],
              [
                121.5852660268,
                31.3308859533
              ],
              [
                121.5852644582,
                31.3312960093
              ],
              [
                121.585231844,
                31.3317060653
              ],
              [
                121.5851629729,
                31.3321161212
              ],
              [
                121.5850652552,
                31.3325261772
              ],
              [
                121.5849271636,
                31.3329362332
              ],
              [
                121.5847837849,
                31.3332250261
              ],
              [
                121.5847626695,
                31.3332257074
              ],
              [
                121.5845721575,
                31.3332269643
              ],
              [
                121.5843816456,
                31.3332154655
              ],
              [
                121.5841911336,
                31.3332071958
              ],
              [
                121.5840006216,
                31.3332050589
              ],
              [
                121.5838101097,
                31.3332028429
              ],
              [
                121.5836195977,
                31.3332009757
              ],
              [
                121.5834290857,
                31.3332002652
              ],
              [
                121.5832385737,
                31.3331997293
              ],
              [
                121.5830480618,
                31.3331992047
              ],
              [
                121.5828575498,
                31.33319868
              ],
              [
                121.5826670378,
                31.3331981553
              ],
              [
                121.5824765259,
                31.3331976306
              ],
              [
                121.5822860139,
                31.3331971059
              ],
              [
                121.5820955019,
                31.3331965813
              ],
              [
                121.5820820443,
                31.3331965442
              ],
              [
                121.5785694,
                31.3331299
              ],
              [
                121.5695143,
                31.3323418
              ],
              [
                121.5695044333,
                31.3323539727
              ],
              [
                121.5693312,
                31.3323975
              ],
              [
                121.5665441672,
                31.3321399654
              ],
              [
                121.5662312,
                31.3310954
              ],
              [
                121.5659308,
                31.3309305
              ],
              [
                121.5649223,
                31.3309855
              ],
              [
                121.5639138,
                31.3311871
              ],
              [
                121.5623688,
                31.3315536
              ],
              [
                121.5618292231,
                31.3317042831
              ],
              [
                121.5556719445,
                31.3311353224
              ],
              [
                121.556181,
                31.3299014
              ],
              [
                121.5576013,
                31.3258575
              ],
              [
                121.5579831,
                31.3221395
              ],
              [
                121.5579372,
                31.318878
              ],
              [
                121.5578885,
                31.3182375
              ],
              [
                121.5574027,
                31.3118459
              ],
              [
                121.5574946,
                31.3055415
              ],
              [
                121.5576165,
                31.3040825
              ],
              [
                121.5584259,
                31.3004681
              ],
              [
                121.5595102,
                31.2978452
              ],
              [
                121.5617093,
                31.2939304
              ],
              [
                121.5631295,
                31.2911247
              ],
              [
                121.5640763,
                31.2885799
              ],
              [
                121.5641265,
                31.2884113
              ],
              [
                121.5697717,
                31.2892418
              ],
              [
                121.5713596,
                31.2891868
              ],
              [
                121.5753722,
                31.2890218
              ]
            ]
          ],
          [
            [
              [
                121.6007995,
                31.3048085
              ],
              [
                121.6004133,
                31.3054502
              ],
              [
                121.6001015798,
                31.3057997842
              ],
              [
                121.6001019663,
                31.30554869
              ],
              [
                121.6001025657,
                31.3051591988
              ],
              [
                121.6001031624,
                31.3047697077
              ],
              [
                121.6001037471,
                31.3043802166
              ],
              [
                121.6001072461,
                31.3039907255
              ],
              [
                121.6001116763,
                31.3036012344
              ],
              [
                121.6001161065,
                31.3032117432
              ],
              [
                121.6001158979,
                31.3028222521
              ],
              [
                121.6001139865,
                31.302432761
              ],
              [
                121.600112075,
                31.3020432699
              ],
              [
                121.6001101635,
                31.3016537788
              ],
              [
                121.6001082521,
                31.3012642876
              ],
              [
                121.6001063406,
                31.3008747965
              ],
              [
                121.6001044291,
                31.3004853054
              ],
              [
                121.6001025177,
                31.3000958143
              ],
              [
                121.6001006062,
                31.2997063232
              ],
              [
                121.6000986947,
                31.299316832
              ],
              [
                121.6001005936,
                31.2989273409
              ],
              [
                121.6001023945,
                31.2985378498
              ],
              [
                121.6001005394,
                31.2981483587
              ],
              [
                121.6000986844,
                31.2977588676
              ],
              [
                121.6001015952,
                31.2973693764
              ],
              [
                121.6001005281,
                31.2969798853
              ],
              [
                121.600099461,
                31.2965903942
              ],
              [
                121.600098394,
                31.2962009031
              ],
              [
                121.600097555,
                31.295811412
              ],
              [
                121.600096798,
                31.2954219208
              ],
              [
                121.6000971984,
                31.2950324297
              ],
              [
                121.6000980039,
                31.2946429386
              ],
              [
                121.6000988095,
                31.2942534475
              ],
              [
                121.600099615,
                31.2938639564
              ],
              [
                121.6001004206,
                31.2934744653
              ],
              [
                121.6001012262,
                31.2930849741
              ],
              [
                121.6001020317,
                31.292695483
              ],
              [
                121.6001028373,
                31.2923059919
              ],
              [
                121.6001036428,
                31.2919165008
              ],
              [
                121.6001044484,
                31.2915270097
              ],
              [
                121.6001052539,
                31.2911375185
              ],
              [
                121.600105934,
                31.2908086454
              ],
              [
                121.5999759004,
                31.2908039412
              ],
              [
                121.5994770579,
                31.2907858946
              ],
              [
                121.5989782154,
                31.290710288
              ],
              [
                121.598479373,
                31.2906309645
              ],
              [
                121.5979805305,
                31.2905516411
              ],
              [
                121.597481688,
                31.2904723176
              ],
              [
                121.5969828456,
                31.2903901894
              ],
              [
                121.5964840031,
                31.2903019686
              ],
              [
                121.5959851606,
                31.2902137478
              ],
              [
                121.5954863181,
                31.290125527
              ],
              [
                121.5949874757,
                31.2900373062
              ],
              [
                121.5944886332,
                31.2899490854
              ],
              [
                121.5939897907,
                31.2898608646
              ],
              [
                121.5934909483,
                31.2897726447
              ],
              [
                121.5929921058,
                31.2896844314
              ],
              [
                121.5924932633,
                31.2895962182
              ],
              [
                121.5919944208,
                31.2895080049
              ],
              [
                121.5914955784,
                31.2894197916
              ],
              [
                121.5909967359,
                31.2893315783
              ],
              [
                121.5904978934,
                31.2892433651
              ],
              [
                121.589999051,
                31.2891831138
              ],
              [
                121.5895002085,
                31.2891347823
              ],
              [
                121.589001366,
                31.2890864509
              ],
              [
                121.5885229659,
                31.2890401
              ],
              [
                121.5895128,
                31.2890401
              ],
              [
                121.5920019,
                31.2893335
              ],
              [
                121.595478,
                31.2899937
              ],
              [
                121.60007,
                31.2908005
              ],
              [
                121.6001227,
                31.2821913
              ],
              [
                121.6025913,
                31.282402
              ],
              [
                121.6051876,
                31.2824753
              ],
              [
                121.608578,
                31.2820627
              ],
              [
                121.6106915,
                31.2820077
              ],
              [
                121.6211092,
                31.2820077
              ],
              [
                121.6210878,
                31.2855652
              ],
              [
                121.6237807,
                31.2855927
              ],
              [
                121.6237807,
                31.2856936
              ],
              [
                121.62377,
                31.2873256
              ],
              [
                121.6246498,
                31.2873715
              ],
              [
                121.6245747,
                31.2879399
              ],
              [
                121.6244566,
                31.2890493
              ],
              [
                121.6255295,
                31.2893427
              ],
              [
                121.6265058,
                31.2895811
              ],
              [
                121.6273641,
                31.2899111
              ],
              [
                121.6278469,
                31.2901862
              ],
              [
                121.6282654,
                31.2905621
              ],
              [
                121.6282654,
                31.291048
              ],
              [
                121.6277718,
                31.2913872
              ],
              [
                121.6270316,
                31.2910021
              ],
              [
                121.6263771,
                31.290883
              ],
              [
                121.626066,
                31.2910113
              ],
              [
                121.6253257,
                31.2908096
              ],
              [
                121.6245317,
                31.2904337
              ],
              [
                121.6239846,
                31.2905254
              ],
              [
                121.6237271,
                31.2909563
              ],
              [
                121.623491,
                31.2910388
              ],
              [
                121.622622,
                31.2922948
              ],
              [
                121.6155195,
                31.2898286
              ],
              [
                121.6151118,
                31.2904887
              ],
              [
                121.6148972,
                31.2909288
              ],
              [
                121.6150474,
                31.2919373
              ],
              [
                121.6153908,
                31.2925241
              ],
              [
                121.6143822,
                31.2931292
              ],
              [
                121.6144681,
                31.2937526
              ],
              [
                121.6141677,
                31.2947794
              ],
              [
                121.6141462,
                31.2956778
              ],
              [
                121.6140175,
                31.2965213
              ],
              [
                121.6142964,
                31.2969796
              ],
              [
                121.6154337,
                31.297383
              ],
              [
                121.6151547,
                31.2981714
              ],
              [
                121.614747,
                31.2990148
              ],
              [
                121.6143608,
                31.2998766
              ],
              [
                121.6135025,
                31.2999132
              ],
              [
                121.6120863,
                31.2996566
              ],
              [
                121.6114211,
                31.3001883
              ],
              [
                121.6112494,
                31.3044601
              ],
              [
                121.6101551,
                31.3040751
              ],
              [
                121.6098547,
                31.3045701
              ],
              [
                121.6094255,
                31.3053952
              ],
              [
                121.6110778,
                31.3059818
              ],
              [
                121.6027307,
                31.3062385
              ],
              [
                121.602323,
                31.3056885
              ],
              [
                121.6021943,
                31.3051018
              ],
              [
                121.6014433,
                31.3042951
              ],
              [
                121.6007995,
                31.3048085
              ]
            ]
          ]
        ]
      }
    },
    {
      "type": "Feature",
      "properties": {
        "id": "sector_waigaoqiao",
        "sectorId": "sector_waigaoqiao",
        "name": "外高桥",
        "candidateStatus": "selected-market-candidate",
        "selectedForAssembly": true,
        "reviewStatus": "draft-medium",
        "coordinateSystem": "OGC:CRS84",
        "geometrySourceSnapshotId": "osm-geofabrik-shanghai-260721",
        "geometryMethod": "gaoqiao_gaodong_and_north_gaohang_admin_union",
        "boundaryBasis": "高桥镇外壳、全部高东镇及高行航津路以北部分合并；森兰保持独立。",
        "absorbedSectorIds": [
          "sector_gaodong"
        ],
        "sharedEdgeSectorIds": [
          "sector_senlan",
          "sector_gaohang",
          "sector_caolu"
        ]
      },
      "geometry": {
        "type": "Polygon",
        "coordinates": [
          [
            [
              121.6022661,
              31.3603129
            ],
            [
              121.5996425,
              31.361965
            ],
            [
              121.5951902,
              31.3649654
            ],
            [
              121.5949363,
              31.3650603
            ],
            [
              121.5946786,
              31.3650471
            ],
            [
              121.5944213,
              31.3650339
            ],
            [
              121.5940028,
              31.365121
            ],
            [
              121.5936756,
              31.3652492
            ],
            [
              121.5925869,
              31.3659404
            ],
            [
              121.5925276,
              31.3659921
            ],
            [
              121.5924569,
              31.3660297
            ],
            [
              121.5922916,
              31.3661493
            ],
            [
              121.5917324,
              31.3666337
            ],
            [
              121.5916157,
              31.3667047
            ],
            [
              121.5914923,
              31.3667287
            ],
            [
              121.5913917,
              31.366731
            ],
            [
              121.5912603,
              31.3667253
            ],
            [
              121.5909518,
              31.3667745
            ],
            [
              121.5909174,
              31.3668082
            ],
            [
              121.5908273,
              31.3668594
            ],
            [
              121.5902334,
              31.3672918
            ],
            [
              121.5900484,
              31.3675432
            ],
            [
              121.5897114,
              31.368174
            ],
            [
              121.5896359,
              31.3682192
            ],
            [
              121.5895838,
              31.3682446
            ],
            [
              121.5881845,
              31.3691397
            ],
            [
              121.5880992,
              31.3691824
            ],
            [
              121.588051,
              31.3692055
            ],
            [
              121.5877157,
              31.3694014
            ],
            [
              121.5871766,
              31.3697495
            ],
            [
              121.586836,
              31.3700059
            ],
            [
              121.5865785,
              31.3702716
            ],
            [
              121.5865087,
              31.3703792
            ],
            [
              121.5864417,
              31.3704777
            ],
            [
              121.586388,
              31.3704937
            ],
            [
              121.586321,
              31.3704915
            ],
            [
              121.5862459,
              31.3704617
            ],
            [
              121.5861332,
              31.370338
            ],
            [
              121.585401,
              31.3694128
            ],
            [
              121.5853152,
              31.3693739
            ],
            [
              121.5851891,
              31.3693693
            ],
            [
              121.5850523,
              31.3694197
            ],
            [
              121.5848592,
              31.3695342
            ],
            [
              121.5848243,
              31.3696441
            ],
            [
              121.5848699,
              31.3697403
            ],
            [
              121.5858462,
              31.3705854
            ],
            [
              121.5859401,
              31.370709
            ],
            [
              121.5859589,
              31.3708189
            ],
            [
              121.585916,
              31.3709151
            ],
            [
              121.585755,
              31.370993
            ],
            [
              121.5854144,
              31.3711373
            ],
            [
              121.5846651,
              31.3714936
            ],
            [
              121.584548,
              31.3715461
            ],
            [
              121.584473,
              31.3715861
            ],
            [
              121.5826812,
              31.3724988
            ],
            [
              121.5826001,
              31.3725279
            ],
            [
              121.5824956,
              31.3725748
            ],
            [
              121.5806495,
              31.3733987
            ],
            [
              121.5805791,
              31.3734308
            ],
            [
              121.5805006,
              31.3734651
            ],
            [
              121.5792238,
              31.3740354
            ],
            [
              121.5785721,
              31.3742357
            ],
            [
              121.5785013,
              31.3742503
            ],
            [
              121.578391,
              31.3742678
            ],
            [
              121.5782583,
              31.3742689
            ],
            [
              121.5781443,
              31.3742392
            ],
            [
              121.5780839,
              31.3741991
            ],
            [
              121.5779445,
              31.3740296
            ],
            [
              121.5778828,
              31.3740044
            ],
            [
              121.5777755,
              31.3739758
            ],
            [
              121.5776145,
              31.3739472
            ],
            [
              121.5774523,
              31.3739758
            ],
            [
              121.5773423,
              31.3740079
            ],
            [
              121.5772285,
              31.3740352
            ],
            [
              121.57693,
              31.37412
            ],
            [
              121.5764853,
              31.3742449
            ],
            [
              121.5762493,
              31.3743228
            ],
            [
              121.5760052,
              31.3744441
            ],
            [
              121.5755171,
              31.3746685
            ],
            [
              121.5753601,
              31.3747178
            ],
            [
              121.5752234,
              31.3747246
            ],
            [
              121.5749833,
              31.3747121
            ],
            [
              121.5748847,
              31.3747264
            ],
            [
              121.5747961,
              31.3747408
            ],
            [
              121.5744525,
              31.3748351
            ],
            [
              121.5741563,
              31.3749647
            ],
            [
              121.5736811,
              31.3752823
            ],
            [
              121.5735805,
              31.3753178
            ],
            [
              121.5734182,
              31.3753624
            ],
            [
              121.5732492,
              31.3753739
            ],
            [
              121.5731111,
              31.3753704
            ],
            [
              121.5729971,
              31.3753407
            ],
            [
              121.5728402,
              31.3753029
            ],
            [
              121.5726954,
              31.3752937
            ],
            [
              121.5724298,
              31.3753487
            ],
            [
              121.5720972,
              31.3754288
            ],
            [
              121.5715957,
              31.3756693
            ],
            [
              121.5714213,
              31.3757586
            ],
            [
              121.5712161,
              31.3758021
            ],
            [
              121.5702519,
              31.3759761
            ],
            [
              121.5697946,
              31.37607
            ],
            [
              121.5693178,
              31.376232
            ],
            [
              121.5692072,
              31.3762727
            ],
            [
              121.5686935,
              31.3766425
            ],
            [
              121.5684172,
              31.376741
            ],
            [
              121.5681678,
              31.3767639
            ],
            [
              121.5678835,
              31.3767593
            ],
            [
              121.5674758,
              31.3766998
            ],
            [
              121.567048,
              31.3765944
            ],
            [
              121.5669139,
              31.3765784
            ],
            [
              121.5668173,
              31.3766002
            ],
            [
              121.5666604,
              31.3766734
            ],
            [
              121.566482,
              31.3767811
            ],
            [
              121.5662178,
              31.3768704
            ],
            [
              121.5659282,
              31.3769207
            ],
            [
              121.5657136,
              31.3769219
            ],
            [
              121.5655258,
              31.3769001
            ],
            [
              121.5652925,
              31.3768223
            ],
            [
              121.5650927,
              31.3767868
            ],
            [
              121.5648781,
              31.3767959
            ],
            [
              121.5647359,
              31.3768166
            ],
            [
              121.5645307,
              31.3769139
            ],
            [
              121.5642773,
              31.377049
            ],
            [
              121.5640359,
              31.3772116
            ],
            [
              121.5639085,
              31.3773249
            ],
            [
              121.5638481,
              31.3774383
            ],
            [
              121.5637904,
              31.3775425
            ],
            [
              121.5636671,
              31.3775917
            ],
            [
              121.5633573,
              31.3777302
            ],
            [
              121.5630689,
              31.3778081
            ],
            [
              121.5624279,
              31.3779203
            ],
            [
              121.5621731,
              31.3779821
            ],
            [
              121.5620551,
              31.3780245
            ],
            [
              121.5619967,
              31.3781075
            ],
            [
              121.5619625,
              31.3781545
            ],
            [
              121.5619062,
              31.3781865
            ],
            [
              121.561811,
              31.3782226
            ],
            [
              121.5614891,
              31.3783325
            ],
            [
              121.5613094,
              31.3783783
            ],
            [
              121.5610519,
              31.3784172
            ],
            [
              121.560604,
              31.3784562
            ],
            [
              121.5602902,
              31.3784493
            ],
            [
              121.5599924,
              31.3784745
            ],
            [
              121.5596572,
              31.378589
            ],
            [
              121.5592495,
              31.378779
            ],
            [
              121.5590912,
              31.3788042
            ],
            [
              121.5583321,
              31.3788615
            ],
            [
              121.5582249,
              31.3788844
            ],
            [
              121.5581551,
              31.378921
            ],
            [
              121.5581202,
              31.3789897
            ],
            [
              121.5581634,
              31.3791739
            ],
            [
              121.5582114,
              31.3793607
            ],
            [
              121.5582597,
              31.3796057
            ],
            [
              121.5582624,
              31.3798072
            ],
            [
              121.5582275,
              31.3799561
            ],
            [
              121.5581527,
              31.3800715
            ],
            [
              121.558021,
              31.3801782
            ],
            [
              121.5578523,
              31.3802547
            ],
            [
              121.5549231,
              31.3811857
            ],
            [
              121.554797,
              31.3812258
            ],
            [
              121.5522677,
              31.3819895
            ],
            [
              121.5519029,
              31.382081
            ],
            [
              121.5516454,
              31.382081
            ],
            [
              121.5514147,
              31.3820673
            ],
            [
              121.550535,
              31.3818612
            ],
            [
              121.5483302,
              31.3813575
            ],
            [
              121.5482175,
              31.3813185
            ],
            [
              121.5481183,
              31.3812224
            ],
            [
              121.5480459,
              31.3811399
            ],
            [
              121.5475363,
              31.3800018
            ],
            [
              121.5474585,
              31.3799148
            ],
            [
              121.5473646,
              31.3798805
            ],
            [
              121.5472895,
              31.3798828
            ],
            [
              121.5471151,
              31.3799744
            ],
            [
              121.5469167,
              31.3801209
            ],
            [
              121.5467477,
              31.380343
            ],
            [
              121.5464365,
              31.3805354
            ],
            [
              121.5454602,
              31.3807461
            ],
            [
              121.545306,
              31.3807678
            ],
            [
              121.5452456,
              31.3807964
            ],
            [
              121.5452322,
              31.3808296
            ],
            [
              121.545247,
              31.3808846
            ],
            [
              121.5453744,
              31.3812338
            ],
            [
              121.5453757,
              31.3812659
            ],
            [
              121.5453449,
              31.3813117
            ],
            [
              121.5453087,
              31.381322
            ],
            [
              121.5452564,
              31.3813094
            ],
            [
              121.5452175,
              31.381267
            ],
            [
              121.5450763,
              31.381108
            ],
            [
              121.544685,
              31.3805553
            ],
            [
              121.5445402,
              31.3802972
            ],
            [
              121.5444544,
              31.3801942
            ],
            [
              121.5443335,
              31.3801387
            ],
            [
              121.5442792,
              31.3801014
            ],
            [
              121.5441902,
              31.3799847
            ],
            [
              121.544154,
              31.3799641
            ],
            [
              121.5441191,
              31.3799549
            ],
            [
              121.5439971,
              31.3799938
            ],
            [
              121.5439729,
              31.380019
            ],
            [
              121.5439716,
              31.3800614
            ],
            [
              121.5440679,
              31.3802013
            ],
            [
              121.5440833,
              31.3802698
            ],
            [
              121.5440755,
              31.3803116
            ],
            [
              121.5440742,
              31.3803327
            ],
            [
              121.5440829,
              31.3803591
            ],
            [
              121.5443337,
              31.3807459
            ],
            [
              121.5446891,
              31.3814182
            ],
            [
              121.5447964,
              31.3815681
            ],
            [
              121.5448004,
              31.3816219
            ],
            [
              121.5447749,
              31.3816551
            ],
            [
              121.544736,
              31.3816563
            ],
            [
              121.5446904,
              31.3816414
            ],
            [
              121.5446256,
              31.3815577
            ],
            [
              121.5443082,
              31.381125
            ],
            [
              121.5442666,
              31.3810964
            ],
            [
              121.5441915,
              31.3810907
            ],
            [
              121.5441205,
              31.3811147
            ],
            [
              121.5440078,
              31.3812006
            ],
            [
              121.5438321,
              31.3813529
            ],
            [
              121.54369,
              31.3815498
            ],
            [
              121.5435719,
              31.3816528
            ],
            [
              121.5434217,
              31.3817078
            ],
            [
              121.5432394,
              31.3817421
            ],
            [
              121.5430382,
              31.3817513
            ],
            [
              121.5428263,
              31.3817559
            ],
            [
              121.5426975,
              31.3817811
            ],
            [
              121.542483,
              31.3818452
            ],
            [
              121.5417078,
              31.382136
            ],
            [
              121.5413511,
              31.3822528
            ],
            [
              121.5411506,
              31.3823221
            ],
            [
              121.5410728,
              31.3823427
            ],
            [
              121.5405411,
              31.3825138
            ],
            [
              121.5401736,
              31.3826123
            ],
            [
              121.5397713,
              31.3827382
            ],
            [
              121.5394065,
              31.3828344
            ],
            [
              121.539216,
              31.3829168
            ],
            [
              121.5390739,
              31.382958
            ],
            [
              121.5389283,
              31.3830023
            ],
            [
              121.5388781,
              31.3830176
            ],
            [
              121.5387145,
              31.3830565
            ],
            [
              121.5385938,
              31.383084
            ],
            [
              121.5384704,
              31.3830931
            ],
            [
              121.5383255,
              31.3831389
            ],
            [
              121.5381861,
              31.3832031
            ],
            [
              121.5380412,
              31.3832718
            ],
            [
              121.5379393,
              31.3833404
            ],
            [
              121.5377972,
              31.3834206
            ],
            [
              121.5376255,
              31.3834962
            ],
            [
              121.5375102,
              31.3835328
            ],
            [
              121.5373814,
              31.3835603
            ],
            [
              121.5371668,
              31.3836175
            ],
            [
              121.5370005,
              31.3836931
            ],
            [
              121.5368637,
              31.3837435
            ],
            [
              121.5366914,
              31.3838121
            ],
            [
              121.5364721,
              31.3839129
            ],
            [
              121.5363246,
              31.3839679
            ],
            [
              121.5358579,
              31.3841739
            ],
            [
              121.535536,
              31.3843022
            ],
            [
              121.5351042,
              31.3845128
            ],
            [
              121.5345305,
              31.3848218
            ],
            [
              121.5341415,
              31.3850176
            ],
            [
              121.5337202,
              31.3852158
            ],
            [
              121.5333259,
              31.3854035
            ],
            [
              121.5325896,
              31.3857722
            ],
            [
              121.5322235,
              31.3859531
            ],
            [
              121.5320157,
              31.386055
            ],
            [
              121.5317649,
              31.3861992
            ],
            [
              121.5311855,
              31.3864866
            ],
            [
              121.5307644,
              31.3867156
            ],
            [
              121.5303031,
              31.3869857
            ],
            [
              121.5297505,
              31.3872468
            ],
            [
              121.5293562,
              31.3874597
            ],
            [
              121.5289137,
              31.3876681
            ],
            [
              121.528632,
              31.3878238
            ],
            [
              121.5283746,
              31.3879428
            ],
            [
              121.5281171,
              31.3880757
            ],
            [
              121.5278649,
              31.3882222
            ],
            [
              121.5276262,
              31.388371
            ],
            [
              121.5274304,
              31.3884809
            ],
            [
              121.5270361,
              31.3886435
            ],
            [
              121.5266365,
              31.3887877
            ],
            [
              121.5261134,
              31.388964
            ],
            [
              121.5256521,
              31.3890865
            ],
            [
              121.5253249,
              31.3891678
            ],
            [
              121.5251452,
              31.3892342
            ],
            [
              121.5249909,
              31.3892812
            ],
            [
              121.5248783,
              31.3893602
            ],
            [
              121.5247576,
              31.38943
            ],
            [
              121.5244853,
              31.3895136
            ],
            [
              121.5240294,
              31.3896235
            ],
            [
              121.5235197,
              31.3897105
            ],
            [
              121.5230799,
              31.3897792
            ],
            [
              121.5226293,
              31.3897975
            ],
            [
              121.5223664,
              31.3898112
            ],
            [
              121.5221357,
              31.3898021
            ],
            [
              121.5218514,
              31.3897837
            ],
            [
              121.5149202,
              31.3913715
            ],
            [
              121.5143348,
              31.391142
            ],
            [
              121.5116147,
              31.3905117
            ],
            [
              121.5047715,
              31.385273
            ],
            [
              121.5013638,
              31.3809056
            ],
            [
              121.5002767,
              31.3776422
            ],
            [
              121.4992685,
              31.3731212
            ],
            [
              121.4992422,
              31.3691839
            ],
            [
              121.5001627,
              31.3650892
            ],
            [
              121.5006625,
              31.3641385
            ],
            [
              121.5016268,
              31.3620124
            ],
            [
              121.5027666,
              31.3605302
            ],
            [
              121.5054668,
              31.3580372
            ],
            [
              121.5124364,
              31.353704
            ],
            [
              121.517218,
              31.3509506
            ],
            [
              121.5210506,
              31.3490958
            ],
            [
              121.523536,
              31.3477753
            ],
            [
              121.5302554,
              31.3448669
            ],
            [
              121.5348827,
              31.3438626
            ],
            [
              121.5460155,
              31.3401323
            ],
            [
              121.5479039,
              31.3392279
            ],
            [
              121.5503168,
              31.3377148
            ],
            [
              121.5528366,
              31.335093
            ],
            [
              121.5550509,
              31.3326407
            ],
            [
              121.5556719445,
              31.3311353224
            ],
            [
              121.561829223,
              31.3317042831
            ],
            [
              121.5623688,
              31.3315536
            ],
            [
              121.5639138,
              31.3311871
            ],
            [
              121.5649223,
              31.3309855
            ],
            [
              121.5659308,
              31.3309305
            ],
            [
              121.5662312,
              31.3310954
            ],
            [
              121.5665441672,
              31.3321399654
            ],
            [
              121.5693312,
              31.3323975
            ],
            [
              121.5695044333,
              31.3323539727
            ],
            [
              121.5695143,
              31.3323418
            ],
            [
              121.5785694,
              31.3331299
            ],
            [
              121.5820820443,
              31.3331965442
            ],
            [
              121.5820955019,
              31.3331965813
            ],
            [
              121.5822860139,
              31.3331971059
            ],
            [
              121.5824765259,
              31.3331976306
            ],
            [
              121.5826670378,
              31.3331981553
            ],
            [
              121.5828575498,
              31.33319868
            ],
            [
              121.5830480618,
              31.3331992047
            ],
            [
              121.5832385737,
              31.3331997293
            ],
            [
              121.5834290857,
              31.3332002652
            ],
            [
              121.5836195977,
              31.3332009757
            ],
            [
              121.5838101097,
              31.3332028429
            ],
            [
              121.5840006216,
              31.3332050589
            ],
            [
              121.5841911336,
              31.3332071958
            ],
            [
              121.5843816456,
              31.3332154655
            ],
            [
              121.5845721575,
              31.3332269643
            ],
            [
              121.5847626695,
              31.3332257074
            ],
            [
              121.5847837849,
              31.3332250261
            ],
            [
              121.5849531815,
              31.3332195602
            ],
            [
              121.5851436934,
              31.3332200678
            ],
            [
              121.5853342054,
              31.333221836
            ],
            [
              121.5855247174,
              31.3332236042
            ],
            [
              121.5857152293,
              31.3332253723
            ],
            [
              121.5859057413,
              31.3332271405
            ],
            [
              121.5860962533,
              31.3332289086
            ],
            [
              121.5862867653,
              31.3332306768
            ],
            [
              121.5864772772,
              31.3332324449
            ],
            [
              121.5866677892,
              31.3332342131
            ],
            [
              121.5868583012,
              31.3332359812
            ],
            [
              121.5870488131,
              31.3332377494
            ],
            [
              121.5872393251,
              31.3332395175
            ],
            [
              121.5874298371,
              31.3332412857
            ],
            [
              121.587620349,
              31.3332430538
            ],
            [
              121.587810861,
              31.333244822
            ],
            [
              121.588001373,
              31.3332472829
            ],
            [
              121.5881918849,
              31.3332498683
            ],
            [
              121.5883823969,
              31.3332515812
            ],
            [
              121.5885729089,
              31.3332532941
            ],
            [
              121.5887634208,
              31.3332550071
            ],
            [
              121.5889539328,
              31.33325672
            ],
            [
              121.5891444448,
              31.3332584329
            ],
            [
              121.5893349568,
              31.3332601459
            ],
            [
              121.5895254687,
              31.3332618588
            ],
            [
              121.5897159807,
              31.3332635718
            ],
            [
              121.5899064927,
              31.3332652847
            ],
            [
              121.5900970046,
              31.3332669976
            ],
            [
              121.5902875166,
              31.3332687106
            ],
            [
              121.5904780286,
              31.3332704235
            ],
            [
              121.5906685405,
              31.3332721364
            ],
            [
              121.5908590525,
              31.3332741745
            ],
            [
              121.5910495645,
              31.3332764575
            ],
            [
              121.5912400764,
              31.3332787405
            ],
            [
              121.5914305884,
              31.3332810235
            ],
            [
              121.5916211004,
              31.3332833066
            ],
            [
              121.5918116124,
              31.3332856004
            ],
            [
              121.5920021243,
              31.3332879174
            ],
            [
              121.5921926363,
              31.3332882814
            ],
            [
              121.5922709196,
              31.3332914012
            ],
            [
              121.5923169709,
              31.3332932364
            ],
            [
              121.5940189,
              31.3307105
            ],
            [
              121.5946412,
              31.3303623
            ],
            [
              121.5957999,
              31.3303623
            ],
            [
              121.596272,
              31.3306739
            ],
            [
              121.5973663,
              31.3298124
            ],
            [
              121.5982246,
              31.3299957
            ],
            [
              121.5986109,
              31.3303806
            ],
            [
              121.5994906,
              31.3298124
            ],
            [
              121.6000271,
              31.3290243
            ],
            [
              121.6006493,
              31.3284194
            ],
            [
              121.6032672,
              31.3275396
            ],
            [
              121.6043615,
              31.3279245
            ],
            [
              121.6044044,
              31.3276129
            ],
            [
              121.6020441,
              31.3260549
            ],
            [
              121.6014647,
              31.3254317
            ],
            [
              121.6011643,
              31.3249551
            ],
            [
              121.6019368,
              31.323947
            ],
            [
              121.6006064,
              31.3228288
            ],
            [
              121.6000485,
              31.3223156
            ],
            [
              121.5995335,
              31.3222423
            ],
            [
              121.5995121,
              31.3211241
            ],
            [
              121.5993412697,
              31.3210079789
            ],
            [
              121.5994677716,
              31.3207388436
            ],
            [
              121.5996098483,
              31.3203493525
            ],
            [
              121.5997352033,
              31.3199598614
            ],
            [
              121.5998498987,
              31.3195703703
            ],
            [
              121.5999530441,
              31.3191808792
            ],
            [
              121.6000187264,
              31.318791388
            ],
            [
              121.6000612375,
              31.3184018969
            ],
            [
              121.6000894075,
              31.3180124058
            ],
            [
              121.600093036,
              31.3176229147
            ],
            [
              121.6000897605,
              31.3172334236
            ],
            [
              121.6000864851,
              31.3168439324
            ],
            [
              121.6000854765,
              31.3164544413
            ],
            [
              121.6000867087,
              31.3160649502
            ],
            [
              121.6000879408,
              31.3156754591
            ],
            [
              121.6000891729,
              31.315285968
            ],
            [
              121.6000904313,
              31.3148964768
            ],
            [
              121.6000923729,
              31.3145069857
            ],
            [
              121.6000943195,
              31.3141174946
            ],
            [
              121.6000962661,
              31.3137280035
            ],
            [
              121.6000973837,
              31.3133385124
            ],
            [
              121.6000976978,
              31.3129490212
            ],
            [
              121.6000980118,
              31.3125595301
            ],
            [
              121.6000983259,
              31.312170039
            ],
            [
              121.6000986399,
              31.3117805479
            ],
            [
              121.600098954,
              31.3113910568
            ],
            [
              121.600099286,
              31.3110015656
            ],
            [
              121.6000977449,
              31.3106120745
            ],
            [
              121.6000981017,
              31.3102225834
            ],
            [
              121.6000984751,
              31.3098330923
            ],
            [
              121.6001002719,
              31.3094436012
            ],
            [
              121.6001020686,
              31.30905411
            ],
            [
              121.6001029947,
              31.3086646189
            ],
            [
              121.6001026679,
              31.3082751278
            ],
            [
              121.600102341,
              31.3078856367
            ],
            [
              121.6001020142,
              31.3074961456
            ],
            [
              121.6001016874,
              31.3071066544
            ],
            [
              121.6001013605,
              31.3067171633
            ],
            [
              121.6001010337,
              31.3063276722
            ],
            [
              121.6001013668,
              31.3059381811
            ],
            [
              121.6001015798,
              31.3057997842
            ],
            [
              121.6004133,
              31.3054502
            ],
            [
              121.6007995,
              31.3048085
            ],
            [
              121.6014433,
              31.3042951
            ],
            [
              121.6021943,
              31.3051018
            ],
            [
              121.602323,
              31.3056885
            ],
            [
              121.6027307,
              31.3062385
            ],
            [
              121.6110778,
              31.3059818
            ],
            [
              121.6094255,
              31.3053952
            ],
            [
              121.6098547,
              31.3045701
            ],
            [
              121.6101551,
              31.3040751
            ],
            [
              121.6112494,
              31.3044601
            ],
            [
              121.6114211,
              31.3001883
            ],
            [
              121.6120863,
              31.2996566
            ],
            [
              121.6135025,
              31.2999132
            ],
            [
              121.6143608,
              31.2998766
            ],
            [
              121.614747,
              31.2990148
            ],
            [
              121.6151547,
              31.2981714
            ],
            [
              121.6154337,
              31.297383
            ],
            [
              121.6142964,
              31.2969796
            ],
            [
              121.6140175,
              31.2965213
            ],
            [
              121.6141462,
              31.2956778
            ],
            [
              121.6141677,
              31.2947794
            ],
            [
              121.6144681,
              31.2937526
            ],
            [
              121.6143822,
              31.2931292
            ],
            [
              121.6153908,
              31.2925241
            ],
            [
              121.6150474,
              31.2919373
            ],
            [
              121.6148972,
              31.2909288
            ],
            [
              121.6151118,
              31.2904887
            ],
            [
              121.6155195,
              31.2898286
            ],
            [
              121.622622,
              31.2922948
            ],
            [
              121.6250789,
              31.2930925
            ],
            [
              121.6254973,
              31.2926157
            ],
            [
              121.6259587,
              31.2923315
            ],
            [
              121.6266882,
              31.292414
            ],
            [
              121.6271496,
              31.2921573
            ],
            [
              121.6278577,
              31.2924599
            ],
            [
              121.6273749,
              31.2934134
            ],
            [
              121.627686,
              31.2938259
            ],
            [
              121.6282117,
              31.294321
            ],
            [
              121.6278469,
              31.2949536
            ],
            [
              121.6285658,
              31.2953386
            ],
            [
              121.6296494,
              31.2956962
            ],
            [
              121.6307652,
              31.2959987
            ],
            [
              121.6313445,
              31.2961087
            ],
            [
              121.6322887,
              31.2964479
            ],
            [
              121.6333187,
              31.2968238
            ],
            [
              121.6335976,
              31.2961912
            ],
            [
              121.6353357,
              31.2968421
            ],
            [
              121.6361189,
              31.297108
            ],
            [
              121.6361833,
              31.2959987
            ],
            [
              121.6372132,
              31.2960262
            ],
            [
              121.6369557,
              31.2969338
            ],
            [
              121.6374278,
              31.2973188
            ],
            [
              121.6379321,
              31.297603
            ],
            [
              121.6382217,
              31.2980156
            ],
            [
              121.6403246,
              31.2990607
            ],
            [
              121.6413546,
              31.299409
            ],
            [
              121.6429853,
              31.2997391
            ],
            [
              121.6431355,
              31.298804
            ],
            [
              121.6448307,
              31.2991065
            ],
            [
              121.6453028,
              31.2992073
            ],
            [
              121.6459036,
              31.2986756
            ],
            [
              121.645807,
              31.2984648
            ],
            [
              121.6462791,
              31.2978689
            ],
            [
              121.6463971,
              31.297768
            ],
            [
              121.6471267,
              31.2979056
            ],
            [
              121.6476524,
              31.2980522
            ],
            [
              121.6488755,
              31.2984373
            ],
            [
              121.649369,
              31.2979147
            ],
            [
              121.6496372,
              31.2971722
            ],
            [
              121.6503346,
              31.2973188
            ],
            [
              121.6505492,
              31.297218
            ],
            [
              121.6511285,
              31.2955128
            ],
            [
              121.652137,
              31.295852
            ],
            [
              121.651783,
              31.2971263
            ],
            [
              121.6517401,
              31.297603
            ],
            [
              121.6522872,
              31.297713
            ],
            [
              121.652298,
              31.2982356
            ],
            [
              121.6519868,
              31.2989232
            ],
            [
              121.651504,
              31.299024
            ],
            [
              121.6512144,
              31.299354
            ],
            [
              121.6509998,
              31.2996382
            ],
            [
              121.6514289,
              31.2997849
            ],
            [
              121.6516757,
              31.2993999
            ],
            [
              121.6521263,
              31.299519
            ],
            [
              121.6517079,
              31.3001424
            ],
            [
              121.6518044,
              31.3004083
            ],
            [
              121.6517937,
              31.3007383
            ],
            [
              121.6519761,
              31.3008666
            ],
            [
              121.6519225,
              31.3015175
            ],
            [
              121.6516864,
              31.3019575
            ],
            [
              121.6535103,
              31.3022875
            ],
            [
              121.6534781,
              31.3026726
            ],
            [
              121.6522872,
              31.3024526
            ],
            [
              121.6519976,
              31.3034059
            ],
            [
              121.6518581,
              31.3038368
            ],
            [
              121.6515899,
              31.3044143
            ],
            [
              121.65277,
              31.3046526
            ],
            [
              121.6523623,
              31.3054135
            ],
            [
              121.6528559,
              31.3055877
            ],
            [
              121.6526627,
              31.306321
            ],
            [
              121.6534138,
              31.3064218
            ],
            [
              121.6532957,
              31.306651
            ],
            [
              121.6553235,
              31.3068068
            ],
            [
              121.6563213,
              31.3069168
            ],
            [
              121.658864,
              31.3070635
            ],
            [
              121.6600335,
              31.307256
            ],
            [
              121.6608274,
              31.3073935
            ],
            [
              121.6613209,
              31.3074577
            ],
            [
              121.6611063,
              31.308796
            ],
            [
              121.6607094,
              31.3088326
            ],
            [
              121.6605163,
              31.3098135
            ],
            [
              121.6611922,
              31.3099601
            ],
            [
              121.6614818,
              31.3089885
            ],
            [
              121.6620505,
              31.3090526
            ],
            [
              121.663295,
              31.3095935
            ],
            [
              121.6637564,
              31.3096118
            ],
            [
              121.6641104,
              31.309511
            ],
            [
              121.6647434,
              31.3093735
            ],
            [
              121.6649473,
              31.3089793
            ],
            [
              121.6653013,
              31.3089701
            ],
            [
              121.6649794,
              31.3098226
            ],
            [
              121.6653979,
              31.3100334
            ],
            [
              121.665709,
              31.3103634
            ],
            [
              121.6674256,
              31.3110784
            ],
            [
              121.6676402,
              31.3106568
            ],
            [
              121.6691744,
              31.3113901
            ],
            [
              121.669625,
              31.3114359
            ],
            [
              121.6702902,
              31.3103543
            ],
            [
              121.6700327,
              31.3102534
            ],
            [
              121.6703224,
              31.3097585
            ],
            [
              121.6710198,
              31.310006
            ],
            [
              121.6717279,
              31.3103176
            ],
            [
              121.6721249,
              31.3106476
            ],
            [
              121.6718995,
              31.3110509
            ],
            [
              121.6722536,
              31.3113717
            ],
            [
              121.6725433,
              31.3116192
            ],
            [
              121.6724789,
              31.3120592
            ],
            [
              121.6719103,
              31.3125725
            ],
            [
              121.6717708,
              31.3129116
            ],
            [
              121.6723502,
              31.3128658
            ],
            [
              121.6729295,
              31.3124075
            ],
            [
              121.6733909,
              31.3119584
            ],
            [
              121.6741633,
              31.3118117
            ],
            [
              121.6764164,
              31.3115459
            ],
            [
              121.6768563,
              31.3114817
            ],
            [
              121.6773391,
              31.3123525
            ],
            [
              121.675837,
              31.3131958
            ],
            [
              121.6787875,
              31.3166147
            ],
            [
              121.6793454,
              31.3176229
            ],
            [
              121.6796015,
              31.3181534
            ],
            [
              121.6795586,
              31.3181075
            ],
            [
              121.679515,
              31.3180835
            ],
            [
              121.6794889,
              31.3180594
            ],
            [
              121.6794587,
              31.3180187
            ],
            [
              121.6794211,
              31.3179746
            ],
            [
              121.6793916,
              31.3179666
            ],
            [
              121.6793715,
              31.3179683
            ],
            [
              121.6793487,
              31.3179901
            ],
            [
              121.6793481,
              31.3180187
            ],
            [
              121.6793769,
              31.3181144
            ],
            [
              121.6793648,
              31.3181751
            ],
            [
              121.6793769,
              31.3182347
            ],
            [
              121.6795439,
              31.3186563
            ],
            [
              121.6795841,
              31.3189359
            ],
            [
              121.6796109,
              31.3190596
            ],
            [
              121.6795868,
              31.3191902
            ],
            [
              121.6795224,
              31.3193437
            ],
            [
              121.679454,
              31.3194185
            ],
            [
              121.6776145,
              31.3205509
            ],
            [
              121.6775418,
              31.3205965
            ],
            [
              121.6773196,
              31.3207359
            ],
            [
              121.6750643,
              31.3221509
            ],
            [
              121.674874,
              31.3222702
            ],
            [
              121.6731212,
              31.3233699
            ],
            [
              121.6729483,
              31.3236216
            ],
            [
              121.6711163,
              31.3247558
            ],
            [
              121.6698852,
              31.325458
            ],
            [
              121.6696197,
              31.3256104
            ],
            [
              121.6685763,
              31.3262634
            ],
            [
              121.667215,
              31.3269335
            ],
            [
              121.6670377,
              31.3270254
            ],
            [
              121.6669697,
              31.3270607
            ],
            [
              121.6667595,
              31.3271931
            ],
            [
              121.666585,
              31.327303
            ],
            [
              121.6657948,
              31.3278008
            ],
            [
              121.6642896,
              31.3286986
            ],
            [
              121.6641244,
              31.3287971
            ],
            [
              121.6623992,
              31.3298261
            ],
            [
              121.6618493,
              31.33014
            ],
            [
              121.661573,
              31.3302958
            ],
            [
              121.6593045,
              31.3315762
            ],
            [
              121.6590726,
              31.3317074
            ],
            [
              121.6590226,
              31.3317356
            ],
            [
              121.6537686,
              31.3347836
            ],
            [
              121.6536069,
              31.334855
            ],
            [
              121.6534718,
              31.3349444
            ],
            [
              121.6507618,
              31.3364129
            ],
            [
              121.6506243,
              31.3364999
            ],
            [
              121.6504741,
              31.3365893
            ],
            [
              121.647782,
              31.3380275
            ],
            [
              121.6476685,
              31.3380967
            ],
            [
              121.6475364,
              31.3381606
            ],
            [
              121.6447801,
              31.3396541
            ],
            [
              121.6446778,
              31.3397164
            ],
            [
              121.6445592,
              31.3397738
            ],
            [
              121.6444506,
              31.3398326
            ],
            [
              121.644313,
              31.3399157
            ],
            [
              121.6441789,
              31.3399958
            ],
            [
              121.6408044,
              31.3417271
            ],
            [
              121.6407124,
              31.341777
            ],
            [
              121.6406531,
              31.3418092
            ],
            [
              121.6374506,
              31.3433107
            ],
            [
              121.6373862,
              31.3433427
            ],
            [
              121.6373312,
              31.3433748
            ],
            [
              121.6358909,
              31.3440895
            ],
            [
              121.6358748,
              31.3441078
            ],
            [
              121.6358708,
              31.3441325
            ],
            [
              121.6358855,
              31.3441582
            ],
            [
              121.6363501,
              31.3448584
            ],
            [
              121.6364448,
              31.3449909
            ],
            [
              121.6364864,
              31.345039
            ],
            [
              121.6365387,
              31.3450619
            ],
            [
              121.6365883,
              31.3451032
            ],
            [
              121.6366003,
              31.3451593
            ],
            [
              121.6365843,
              31.3452246
            ],
            [
              121.6365467,
              31.3452555
            ],
            [
              121.6364796,
              31.3452853
            ],
            [
              121.6364206,
              31.3452945
            ],
            [
              121.6363241,
              31.3452967
            ],
            [
              121.6362464,
              31.3453037
            ],
            [
              121.6361821,
              31.3453366
            ],
            [
              121.636051,
              31.345399
            ],
            [
              121.6359711,
              31.3454398
            ],
            [
              121.6346488,
              31.3460559
            ],
            [
              121.6350574,
              31.346713
            ],
            [
              121.6350425,
              31.3467763
            ],
            [
              121.6347718,
              31.3469053
            ],
            [
              121.6346895,
              31.3468714
            ],
            [
              121.6342427,
              31.346252
            ],
            [
              121.6326729,
              31.3469847
            ],
            [
              121.6324292,
              31.3471134
            ],
            [
              121.6322592,
              31.3472301
            ],
            [
              121.6321626,
              31.3472668
            ],
            [
              121.6320902,
              31.3472679
            ],
            [
              121.6320527,
              31.347253
            ],
            [
              121.6320312,
              31.3472301
            ],
            [
              121.6320205,
              31.3472049
            ],
            [
              121.6320285,
              31.3471625
            ],
            [
              121.63205,
              31.3471179
            ],
            [
              121.6320446,
              31.3470812
            ],
            [
              121.6320071,
              31.3470239
            ],
            [
              121.6319185,
              31.3469827
            ],
            [
              121.6318113,
              31.3469827
            ],
            [
              121.6316798,
              31.3469987
            ],
            [
              121.6315001,
              31.3470285
            ],
            [
              121.6313982,
              31.3470239
            ],
            [
              121.6313365,
              31.3469965
            ],
            [
              121.6312587,
              31.3469186
            ],
            [
              121.6311353,
              31.3467903
            ],
            [
              121.6308658,
              31.3466025
            ],
            [
              121.6307451,
              31.3465876
            ],
            [
              121.6301255,
              31.3467869
            ],
            [
              121.6299283,
              31.3468705
            ],
            [
              121.6267915,
              31.3484545
            ],
            [
              121.6266923,
              31.3485083
            ],
            [
              121.6261397,
              31.3487591
            ],
            [
              121.6260338,
              31.3488095
            ],
            [
              121.6250119,
              31.3492906
            ],
            [
              121.6249274,
              31.3493295
            ],
            [
              121.6224101,
              31.3504954
            ],
            [
              121.6216993,
              31.3508459
            ],
            [
              121.6216215,
              31.3508963
            ],
            [
              121.621462,
              31.3509547
            ],
            [
              121.6211951,
              31.3510692
            ],
            [
              121.6211575,
              31.3510921
            ],
            [
              121.6211079,
              31.3511563
            ],
            [
              121.6210234,
              31.3513189
            ],
            [
              121.62101,
              31.3513418
            ],
            [
              121.6209631,
              31.3514197
            ],
            [
              121.6209,
              31.3514701
            ],
            [
              121.6208571,
              31.3515056
            ],
            [
              121.6207914,
              31.3515342
            ],
            [
              121.6206841,
              31.3515789
            ],
            [
              121.6206063,
              31.3515995
            ],
            [
              121.620491,
              31.3516373
            ],
            [
              121.6203314,
              31.3516831
            ],
            [
              121.6200122,
              31.3518148
            ],
            [
              121.6194651,
              31.3520771
            ],
            [
              121.6192666,
              31.3521561
            ],
            [
              121.6192009,
              31.3521802
            ],
            [
              121.6191459,
              31.3522134
            ],
            [
              121.619107,
              31.3522592
            ],
            [
              121.6190989,
              31.3522993
            ],
            [
              121.6191244,
              31.3523497
            ],
            [
              121.6191351,
              31.3523863
            ],
            [
              121.6191298,
              31.3524149
            ],
            [
              121.6191123,
              31.3524447
            ],
            [
              121.6190587,
              31.3524871
            ],
            [
              121.6190305,
              31.3525008
            ],
            [
              121.6189849,
              31.3525237
            ],
            [
              121.6189125,
              31.3525329
            ],
            [
              121.6188723,
              31.35251
            ],
            [
              121.6188025,
              31.3524527
            ],
            [
              121.6187328,
              31.3524275
            ],
            [
              121.6186416,
              31.352455
            ],
            [
              121.6185129,
              31.3525352
            ],
            [
              121.618242,
              31.3526658
            ],
            [
              121.6180918,
              31.3527184
            ],
            [
              121.6179121,
              31.3527391
            ],
            [
              121.6177297,
              31.3526978
            ],
            [
              121.6174909,
              31.3525169
            ],
            [
              121.6173273,
              31.3523405
            ],
            [
              121.617271,
              31.3523176
            ],
            [
              121.6172227,
              31.3523313
            ],
            [
              121.617153,
              31.352368
            ],
            [
              121.6169572,
              31.3524917
            ],
            [
              121.6167614,
              31.3525627
            ],
            [
              121.616579,
              31.3526291
            ],
            [
              121.6164717,
              31.3526497
            ],
            [
              121.6163135,
              31.3526635
            ],
            [
              121.6161928,
              31.3526245
            ],
            [
              121.6161016,
              31.3525604
            ],
            [
              121.616005,
              31.352455
            ],
            [
              121.6158494,
              31.3521939
            ],
            [
              121.6157649,
              31.3520828
            ],
            [
              121.6156939,
              31.3520152
            ],
            [
              121.6156416,
              31.3519877
            ],
            [
              121.6155839,
              31.3519717
            ],
            [
              121.6154592,
              31.3519832
            ],
            [
              121.6153613,
              31.3520267
            ],
            [
              121.6153197,
              31.3520679
            ],
            [
              121.6153023,
              31.3521252
            ],
            [
              121.615313,
              31.3521664
            ],
            [
              121.6158655,
              31.3532979
            ],
            [
              121.6158763,
              31.3534445
            ],
            [
              121.6158441,
              31.3535453
            ],
            [
              121.6157381,
              31.3536656
            ],
            [
              121.6156188,
              31.3537125
            ],
            [
              121.6150796,
              31.3539507
            ],
            [
              121.6149643,
              31.3540034
            ],
            [
              121.6144493,
              31.3543035
            ],
            [
              121.614342,
              31.3543562
            ],
            [
              121.6142267,
              31.3544203
            ],
            [
              121.6140389,
              31.3544913
            ],
            [
              121.6135964,
              31.3546425
            ],
            [
              121.6134703,
              31.3546883
            ],
            [
              121.613296,
              31.3547685
            ],
            [
              121.612582,
              31.3551563
            ],
            [
              121.6124859,
              31.3552037
            ],
            [
              121.6111238,
              31.3558252
            ],
            [
              121.611008,
              31.3558656
            ],
            [
              121.6107935,
              31.3559595
            ],
            [
              121.6105762,
              31.355987
            ],
            [
              121.6103321,
              31.3559412
            ],
            [
              121.6100666,
              31.3558496
            ],
            [
              121.6098708,
              31.355774
            ],
            [
              121.6097689,
              31.3557625
            ],
            [
              121.6096455,
              31.3557809
            ],
            [
              121.6093343,
              31.355932
            ],
            [
              121.6073441,
              31.3571368
            ],
            [
              121.6058072,
              31.3581148
            ],
            [
              121.6040644,
              31.3591571
            ],
            [
              121.6038639,
              31.3593067
            ],
            [
              121.6022661,
              31.3603129
            ]
          ]
        ]
      }
    },
    {
      "type": "Feature",
      "properties": {
        "id": "subscope_waigaoqiao_ftz_10_34",
        "sectorId": "subscope_waigaoqiao_ftz_10_34",
        "name": "外高桥保税区协调范围（10.34 km²）",
        "candidateStatus": "official-reference-subscope",
        "selectedForAssembly": true,
        "reviewStatus": "reference-only",
        "coordinateSystem": "OGC:CRS84",
        "geometrySourceSnapshotId": "osm-geofabrik-shanghai-260721",
        "geometryMethod": "demoted_source_backed_planning_reference"
      },
      "geometry": {
        "type": "Polygon",
        "coordinates": [
          [
            [
              121.5825564368,
              31.3656293
            ],
            [
              121.5826503604,
              31.3660656059
            ],
            [
              121.5790935097,
              31.3660905898
            ],
            [
              121.5808788,
              31.3577405
            ],
            [
              121.581028074,
              31.3573510089
            ],
            [
              121.5811162564,
              31.3569615178
            ],
            [
              121.5812090982,
              31.3565720266
            ],
            [
              121.5812861207,
              31.3561825355
            ],
            [
              121.5813631432,
              31.3557930444
            ],
            [
              121.5814401656,
              31.3554035533
            ],
            [
              121.5815171881,
              31.3550140622
            ],
            [
              121.5815942106,
              31.354624571
            ],
            [
              121.581671233,
              31.3542350799
            ],
            [
              121.5817623029,
              31.3538455888
            ],
            [
              121.5818555361,
              31.3534560977
            ],
            [
              121.581944596,
              31.3530666066
            ],
            [
              121.5820309081,
              31.3526771154
            ],
            [
              121.5821236054,
              31.3522876243
            ],
            [
              121.5822065541,
              31.3518981332
            ],
            [
              121.5822805463,
              31.3515086421
            ],
            [
              121.5823708086,
              31.351119151
            ],
            [
              121.5824660005,
              31.3507296598
            ],
            [
              121.5825778215,
              31.3503401687
            ],
            [
              121.5827226441,
              31.3499506776
            ],
            [
              121.582884723,
              31.3495611865
            ],
            [
              121.5830695873,
              31.3491716954
            ],
            [
              121.5832916581,
              31.3487822042
            ],
            [
              121.5835186174,
              31.3483927131
            ],
            [
              121.5837515589,
              31.348003222
            ],
            [
              121.5839845004,
              31.3476137309
            ],
            [
              121.5842156361,
              31.3472242398
            ],
            [
              121.5844464226,
              31.3468347486
            ],
            [
              121.5846721021,
              31.3464452575
            ],
            [
              121.5848977064,
              31.3460557664
            ],
            [
              121.5851233436,
              31.3456662753
            ],
            [
              121.5853486316,
              31.3452767842
            ],
            [
              121.5855739196,
              31.3448872931
            ],
            [
              121.5857992627,
              31.3444978019
            ],
            [
              121.5860259322,
              31.3441083108
            ],
            [
              121.5862526017,
              31.3437188197
            ],
            [
              121.5864792712,
              31.3433293286
            ],
            [
              121.5866978309,
              31.3429398375
            ],
            [
              121.5869165191,
              31.3425503463
            ],
            [
              121.5871352073,
              31.3421608552
            ],
            [
              121.5873551633,
              31.3417713641
            ],
            [
              121.5875785716,
              31.341381873
            ],
            [
              121.5878055796,
              31.3409923819
            ],
            [
              121.5880325876,
              31.3406028907
            ],
            [
              121.5882595956,
              31.3402133996
            ],
            [
              121.5884866036,
              31.3398239085
            ],
            [
              121.5887136115,
              31.3394344174
            ],
            [
              121.5889465183,
              31.3390449263
            ],
            [
              121.589181021,
              31.3386554351
            ],
            [
              121.5894155236,
              31.338265944
            ],
            [
              121.5896432228,
              31.3378764529
            ],
            [
              121.5898667853,
              31.3374869618
            ],
            [
              121.5900903477,
              31.3370974707
            ],
            [
              121.5903144348,
              31.3367079795
            ],
            [
              121.5905403464,
              31.3363184884
            ],
            [
              121.5907640057,
              31.3359289973
            ],
            [
              121.5909875204,
              31.3355395062
            ],
            [
              121.5912110352,
              31.3351500151
            ],
            [
              121.5914345499,
              31.3347605239
            ],
            [
              121.5916580646,
              31.3343710328
            ],
            [
              121.5918815793,
              31.3339815417
            ],
            [
              121.5921040052,
              31.3335920506
            ],
            [
              121.5923202426,
              31.3332025595
            ],
            [
              121.5925461329,
              31.3328130683
            ],
            [
              121.5927731647,
              31.3324235772
            ],
            [
              121.5930010387,
              31.3320340861
            ],
            [
              121.5932296949,
              31.331644595
            ],
            [
              121.5934583511,
              31.3312551039
            ],
            [
              121.5936864685,
              31.3308656127
            ],
            [
              121.5939116442,
              31.3304761216
            ],
            [
              121.5941368198,
              31.3300866305
            ],
            [
              121.5943619955,
              31.3296971394
            ],
            [
              121.5945883663,
              31.3293076483
            ],
            [
              121.5948159152,
              31.3289181571
            ],
            [
              121.595043464,
              31.328528666
            ],
            [
              121.5952710129,
              31.3281391749
            ],
            [
              121.5954985617,
              31.3277496838
            ],
            [
              121.5957261106,
              31.3273601927
            ],
            [
              121.5959545095,
              31.3269707015
            ],
            [
              121.5961849564,
              31.3265812104
            ],
            [
              121.5964154032,
              31.3261917193
            ],
            [
              121.5966458501,
              31.3258022282
            ],
            [
              121.596876297,
              31.3254127371
            ],
            [
              121.597102477,
              31.3250232459
            ],
            [
              121.597328326,
              31.3246337548
            ],
            [
              121.5975507337,
              31.3242442637
            ],
            [
              121.5977697097,
              31.3238547726
            ],
            [
              121.5979886858,
              31.3234652815
            ],
            [
              121.5982076618,
              31.3230757903
            ],
            [
              121.5984266378,
              31.3226862992
            ],
            [
              121.5986476395,
              31.3222968081
            ],
            [
              121.5988723579,
              31.321907317
            ],
            [
              121.599085212,
              31.3215178259
            ],
            [
              121.5992846988,
              31.3211283347
            ],
            [
              121.5994677716,
              31.3207388436
            ],
            [
              121.5996098483,
              31.3203493525
            ],
            [
              121.5997352033,
              31.3199598614
            ],
            [
              121.5998498987,
              31.3195703703
            ],
            [
              121.5999530441,
              31.3191808792
            ],
            [
              121.6000187264,
              31.318791388
            ],
            [
              121.6000612375,
              31.3184018969
            ],
            [
              121.6000894075,
              31.3180124058
            ],
            [
              121.600093036,
              31.3176229147
            ],
            [
              121.6000897605,
              31.3172334236
            ],
            [
              121.6000864851,
              31.3168439324
            ],
            [
              121.6000854765,
              31.3164544413
            ],
            [
              121.6000867087,
              31.3160649502
            ],
            [
              121.6000879408,
              31.3156754591
            ],
            [
              121.6000891729,
              31.315285968
            ],
            [
              121.6000904313,
              31.3148964768
            ],
            [
              121.6000923729,
              31.3145069857
            ],
            [
              121.6000943195,
              31.3141174946
            ],
            [
              121.6000962661,
              31.3137280035
            ],
            [
              121.6000973837,
              31.3133385124
            ],
            [
              121.6000976978,
              31.3129490212
            ],
            [
              121.6000980118,
              31.3125595301
            ],
            [
              121.6000983259,
              31.312170039
            ],
            [
              121.6000986399,
              31.3117805479
            ],
            [
              121.600098954,
              31.3113910568
            ],
            [
              121.600099286,
              31.3110015656
            ],
            [
              121.6000977449,
              31.3106120745
            ],
            [
              121.6000981017,
              31.3102225834
            ],
            [
              121.6000984751,
              31.3098330923
            ],
            [
              121.6001002719,
              31.3094436012
            ],
            [
              121.6001020686,
              31.30905411
            ],
            [
              121.6001029947,
              31.3086646189
            ],
            [
              121.6001026679,
              31.3082751278
            ],
            [
              121.600102341,
              31.3078856367
            ],
            [
              121.6001020142,
              31.3074961456
            ],
            [
              121.6001016874,
              31.3071066544
            ],
            [
              121.6001013605,
              31.3067171633
            ],
            [
              121.6001010337,
              31.3063276722
            ],
            [
              121.6001013501,
              31.3059577168
            ],
            [
              121.600159834,
              31.3059577951
            ],
            [
              121.6004563486,
              31.305958192
            ],
            [
              121.6007528633,
              31.3059585889
            ],
            [
              121.601049378,
              31.3059589859
            ],
            [
              121.6013458927,
              31.3059593828
            ],
            [
              121.6016424073,
              31.3059597797
            ],
            [
              121.601938922,
              31.3059601767
            ],
            [
              121.6022354367,
              31.3059605736
            ],
            [
              121.6025319514,
              31.3059609705
            ],
            [
              121.602828466,
              31.3059613675
            ],
            [
              121.6031249807,
              31.3059617068
            ],
            [
              121.6034214954,
              31.3059594154
            ],
            [
              121.60371801,
              31.305957124
            ],
            [
              121.6040145247,
              31.3059548327
            ],
            [
              121.6043110394,
              31.3059525413
            ],
            [
              121.6046075541,
              31.3059502499
            ],
            [
              121.6049040687,
              31.3059474736
            ],
            [
              121.6052005834,
              31.3059438762
            ],
            [
              121.6054970981,
              31.3059402787
            ],
            [
              121.6057936127,
              31.3059366812
            ],
            [
              121.6060901274,
              31.305933917
            ],
            [
              121.6063866421,
              31.3059344981
            ],
            [
              121.6066831568,
              31.3059350792
            ],
            [
              121.6069796714,
              31.3059356603
            ],
            [
              121.6072761861,
              31.3059367329
            ],
            [
              121.6075727008,
              31.3059385948
            ],
            [
              121.6078692154,
              31.3059404568
            ],
            [
              121.6081657301,
              31.3059423187
            ],
            [
              121.6084622448,
              31.3059494634
            ],
            [
              121.6087587595,
              31.3059604265
            ],
            [
              121.6090552741,
              31.3059587211
            ],
            [
              121.6093517888,
              31.305956979
            ],
            [
              121.6096483035,
              31.3059601181
            ],
            [
              121.6099448181,
              31.3059593267
            ],
            [
              121.6102413328,
              31.3059622615
            ],
            [
              121.6105378475,
              31.3059683611
            ],
            [
              121.6108343622,
              31.3059744607
            ],
            [
              121.6111308768,
              31.3059805517
            ],
            [
              121.6114273915,
              31.3059866437
            ],
            [
              121.6117239062,
              31.3059878061
            ],
            [
              121.6120204208,
              31.3059881823
            ],
            [
              121.6123169355,
              31.3059831788
            ],
            [
              121.6126134502,
              31.3059774324
            ],
            [
              121.6129099649,
              31.305971686
            ],
            [
              121.6132064795,
              31.3059659396
            ],
            [
              121.6135029942,
              31.3059601932
            ],
            [
              121.6137995089,
              31.3059544468
            ],
            [
              121.6140960236,
              31.3059487004
            ],
            [
              121.6143925382,
              31.305942954
            ],
            [
              121.6146890529,
              31.3059372076
            ],
            [
              121.6149855676,
              31.3059314612
            ],
            [
              121.6152820822,
              31.3059257148
            ],
            [
              121.6155785969,
              31.3059212486
            ],
            [
              121.6158751116,
              31.3059221556
            ],
            [
              121.6161716263,
              31.3059230626
            ],
            [
              121.6164681409,
              31.3059239696
            ],
            [
              121.6167646556,
              31.3059248766
            ],
            [
              121.6170611703,
              31.3059252518
            ],
            [
              121.6173576849,
              31.3059249929
            ],
            [
              121.6176541996,
              31.3059247341
            ],
            [
              121.6179507143,
              31.3059244678
            ],
            [
              121.618247229,
              31.3059241933
            ],
            [
              121.6185437436,
              31.3059239188
            ],
            [
              121.6188402583,
              31.3059236444
            ],
            [
              121.619136773,
              31.3059233699
            ],
            [
              121.6194332876,
              31.3059231248
            ],
            [
              121.6197298023,
              31.3059230522
            ],
            [
              121.620026317,
              31.3059229796
            ],
            [
              121.6203228317,
              31.305922907
            ],
            [
              121.6206193463,
              31.3059228344
            ],
            [
              121.620915861,
              31.3059227619
            ],
            [
              121.6212123757,
              31.3059226893
            ],
            [
              121.6215088903,
              31.3059219925
            ],
            [
              121.621805405,
              31.3059201227
            ],
            [
              121.6221019197,
              31.3059182529
            ],
            [
              121.6223984344,
              31.3059163832
            ],
            [
              121.622694949,
              31.3059144883
            ],
            [
              121.6229914637,
              31.3059123334
            ],
            [
              121.6232879784,
              31.3059101786
            ],
            [
              121.6235844931,
              31.3059080237
            ],
            [
              121.6238810077,
              31.3059058689
            ],
            [
              121.6241775224,
              31.305903714
            ],
            [
              121.6244740371,
              31.3059015592
            ],
            [
              121.6247705517,
              31.3058993039
            ],
            [
              121.6250670664,
              31.3058969105
            ],
            [
              121.6253635811,
              31.3058945172
            ],
            [
              121.6256600958,
              31.3058921238
            ],
            [
              121.6259566104,
              31.3058897304
            ],
            [
              121.6262531251,
              31.3058873379
            ],
            [
              121.6265496398,
              31.3058857345
            ],
            [
              121.6268461544,
              31.3058851312
            ],
            [
              121.6271426691,
              31.3058861348
            ],
            [
              121.6274391838,
              31.3058868245
            ],
            [
              121.6277356985,
              31.3058875132
            ],
            [
              121.6280322131,
              31.3058882019
            ],
            [
              121.6283287278,
              31.3058888907
            ],
            [
              121.6286252425,
              31.3058895794
            ],
            [
              121.6289217571,
              31.3058902681
            ],
            [
              121.6292182718,
              31.3058909569
            ],
            [
              121.6295147865,
              31.3058916456
            ],
            [
              121.6298113012,
              31.3058923343
            ],
            [
              121.6301078158,
              31.305893023
            ],
            [
              121.6304043305,
              31.3058943658
            ],
            [
              121.6307008452,
              31.3058960503
            ],
            [
              121.6309973598,
              31.3058977349
            ],
            [
              121.6312938745,
              31.3058979538
            ],
            [
              121.6315903892,
              31.3058980405
            ],
            [
              121.6318869039,
              31.3058981271
            ],
            [
              121.6321834185,
              31.3058982138
            ],
            [
              121.6323072675,
              31.30589825
            ],
            [
              121.6321840728,
              31.3060658714
            ],
            [
              121.6317860924,
              31.3066073571
            ],
            [
              121.6313881088,
              31.3071488429
            ],
            [
              121.6309901252,
              31.3076903286
            ],
            [
              121.6305921416,
              31.3082318143
            ],
            [
              121.6301981989,
              31.3087733
            ],
            [
              121.6298391279,
              31.3093147857
            ],
            [
              121.6294800569,
              31.3098562714
            ],
            [
              121.6291209624,
              31.3103977571
            ],
            [
              121.6287618344,
              31.3109392429
            ],
            [
              121.6283690639,
              31.3114807286
            ],
            [
              121.6279638205,
              31.3120222143
            ],
            [
              121.627558577,
              31.3125637
            ],
            [
              121.6271533336,
              31.3131051857
            ],
            [
              121.6267480902,
              31.3136466714
            ],
            [
              121.6263428467,
              31.3141881571
            ],
            [
              121.6259376033,
              31.3147296429
            ],
            [
              121.6255241829,
              31.3152711286
            ],
            [
              121.6251084876,
              31.3158126143
            ],
            [
              121.6246927923,
              31.3163541
            ],
            [
              121.624277097,
              31.3168955857
            ],
            [
              121.6238614017,
              31.3174370714
            ],
            [
              121.6234457064,
              31.3179785571
            ],
            [
              121.6230300111,
              31.3185200429
            ],
            [
              121.6226143158,
              31.3190615286
            ],
            [
              121.6221986205,
              31.3196030143
            ],
            [
              121.6217829252,
              31.3201445
            ],
            [
              121.6213644434,
              31.3206859857
            ],
            [
              121.6209409095,
              31.3212274714
            ],
            [
              121.6205173755,
              31.3217689571
            ],
            [
              121.6200938416,
              31.3223104429
            ],
            [
              121.6196703076,
              31.3228519286
            ],
            [
              121.6192467953,
              31.3233934143
            ],
            [
              121.6188205736,
              31.3239349
            ],
            [
              121.6183902375,
              31.3244763857
            ],
            [
              121.6179599013,
              31.3250178714
            ],
            [
              121.6174609309,
              31.3255593571
            ],
            [
              121.6168765496,
              31.3261008429
            ],
            [
              121.6162921684,
              31.3266423286
            ],
            [
              121.6157077683,
              31.3271838143
            ],
            [
              121.6151257516,
              31.3277253
            ],
            [
              121.6145625674,
              31.3282667857
            ],
            [
              121.6139993832,
              31.3288082714
            ],
            [
              121.613436199,
              31.3293497571
            ],
            [
              121.6128579405,
              31.3298912429
            ],
            [
              121.6122767273,
              31.3304327286
            ],
            [
              121.6116955141,
              31.3309742143
            ],
            [
              121.6111143009,
              31.3315157
            ],
            [
              121.6105330877,
              31.3320571857
            ],
            [
              121.6099550541,
              31.3325986714
            ],
            [
              121.6093844969,
              31.3331401571
            ],
            [
              121.6088139397,
              31.3336816429
            ],
            [
              121.6082433825,
              31.3342231286
            ],
            [
              121.6077448639,
              31.3347646143
            ],
            [
              121.6072531559,
              31.3353061
            ],
            [
              121.606761448,
              31.3358475857
            ],
            [
              121.6062697401,
              31.3363890714
            ],
            [
              121.6058036487,
              31.3369305571
            ],
            [
              121.605343512,
              31.3374720429
            ],
            [
              121.6048833752,
              31.3380135286
            ],
            [
              121.6044232384,
              31.3385550143
            ],
            [
              121.6039631016,
              31.3390965
            ],
            [
              121.6034958545,
              31.3396379857
            ],
            [
              121.6030265439,
              31.3401794714
            ],
            [
              121.6025572333,
              31.3407209571
            ],
            [
              121.6020879226,
              31.3412624429
            ],
            [
              121.601618612,
              31.3418039286
            ],
            [
              121.601140807,
              31.3423454143
            ],
            [
              121.6006564018,
              31.3428869
            ],
            [
              121.6001719965,
              31.3434283857
            ],
            [
              121.5996875913,
              31.3439698714
            ],
            [
              121.599203186,
              31.3445113571
            ],
            [
              121.5987187808,
              31.3450528429
            ],
            [
              121.5982343755,
              31.3455943286
            ],
            [
              121.5977039088,
              31.3461358143
            ],
            [
              121.5971378118,
              31.3466773
            ],
            [
              121.5965717148,
              31.3472187857
            ],
            [
              121.5959089213,
              31.3477602714
            ],
            [
              121.5951799256,
              31.3483017571
            ],
            [
              121.5943409876,
              31.3488432429
            ],
            [
              121.5935110298,
              31.3493847286
            ],
            [
              121.592746869,
              31.3499262143
            ],
            [
              121.5919823996,
              31.3504677
            ],
            [
              121.5911818983,
              31.3510091857
            ],
            [
              121.590381397,
              31.3515506714
            ],
            [
              121.5895397733,
              31.3520921571
            ],
            [
              121.5886914015,
              31.3526336429
            ],
            [
              121.5878465519,
              31.3531751286
            ],
            [
              121.5873803211,
              31.3537166143
            ],
            [
              121.5870210563,
              31.3542581
            ],
            [
              121.5867736242,
              31.3547995857
            ],
            [
              121.5865330963,
              31.3553410714
            ],
            [
              121.5863300271,
              31.3558825571
            ],
            [
              121.5861269579,
              31.3564240429
            ],
            [
              121.5859238887,
              31.3569655286
            ],
            [
              121.585720499,
              31.3575070143
            ],
            [
              121.5854940249,
              31.3580485
            ],
            [
              121.5852675508,
              31.3585899857
            ],
            [
              121.5850410766,
              31.3591314714
            ],
            [
              121.5848146025,
              31.3596729571
            ],
            [
              121.5845881284,
              31.3602144429
            ],
            [
              121.5843616542,
              31.3607559286
            ],
            [
              121.5841435947,
              31.3612974143
            ],
            [
              121.5839610102,
              31.3618389
            ],
            [
              121.5837784258,
              31.3623803857
            ],
            [
              121.5835958414,
              31.3629218714
            ],
            [
              121.5834132569,
              31.3634633571
            ],
            [
              121.5832035206,
              31.3640048429
            ],
            [
              121.582987826,
              31.3645463286
            ],
            [
              121.5827721314,
              31.3650878143
            ],
            [
              121.5825564368,
              31.3656293
            ]
          ]
        ]
      }
    }
  ]
}
