{
  "type": "FeatureCollection",
  "properties": {
    "workpackId": "xujing-hongqiao",
    "candidateStatus": "selected-market-candidate",
    "coordinateSystem": "OGC:CRS84",
    "selectedScenarioId": "selected_market_core_corridor_2026_07",
    "discardedScenarioId": "b_necc_to_xujing_hub_to_hongqiao",
    "scopeDecision": "市场徐泾住宅板块；虹桥商务区核心功能走廊；国家会展中心和虹桥枢纽均归虹桥商务区。",
    "mergedForInternalReview": true
  },
  "features": [
    {
      "type": "Feature",
      "properties": {
        "id": "sector_xujing__selected_market_core_corridor_2026_07",
        "sectorId": "sector_xujing",
        "name": "徐泾",
        "scenarioId": "selected_market_core_corridor_2026_07",
        "candidateStatus": "selected-market-candidate",
        "reviewStatus": "draft-medium",
        "coordinateSystem": "OGC:CRS84",
        "geometrySourceSnapshotId": "osm-geofabrik-shanghai-260721",
        "identityDecision": "市场徐泾住宅板块；国家会展中心和虹桥枢纽均不归徐泾。",
        "geometryMethod": "four_sides_from_locked_osm_road_centerlines",
        "boundaryBasis": "西徐乐路、北北青公路、南徐南路、东诸光路；均为固定OSM道路对象推导中位线。",
        "sharedEdgeId": "edge_xujing_hongqiao_zhuguang_candidate"
      },
      "geometry": {
        "type": "Polygon",
        "coordinates": [
          [
            [
              121.312902010999,
              31.163389961544
            ],
            [
              121.312842393332,
              31.16345721583
            ],
            [
              121.31272312759,
              31.163600435135
            ],
            [
              121.312603861848,
              31.16374365444
            ],
            [
              121.312484596107,
              31.163886873745
            ],
            [
              121.312365330365,
              31.16403009305
            ],
            [
              121.312246064624,
              31.164173312355
            ],
            [
              121.312126798882,
              31.16431653166
            ],
            [
              121.31200753314,
              31.164459750965
            ],
            [
              121.311888267399,
              31.16460297027
            ],
            [
              121.311769001657,
              31.164746189575
            ],
            [
              121.311649735916,
              31.16488940888
            ],
            [
              121.311530464539,
              31.165032628185
            ],
            [
              121.311411182459,
              31.16517584749
            ],
            [
              121.311291900379,
              31.165319066795
            ],
            [
              121.311172618299,
              31.1654622861
            ],
            [
              121.311053336219,
              31.165605505405
            ],
            [
              121.310934054139,
              31.16574872471
            ],
            [
              121.310814772059,
              31.165891944015
            ],
            [
              121.310695489979,
              31.16603516332
            ],
            [
              121.310576207899,
              31.166178382625
            ],
            [
              121.310456925819,
              31.166321601931
            ],
            [
              121.310339116285,
              31.166464821236
            ],
            [
              121.310228505515,
              31.166608040541
            ],
            [
              121.310117894745,
              31.166751259846
            ],
            [
              121.310007283975,
              31.166894479151
            ],
            [
              121.309896673205,
              31.167037698456
            ],
            [
              121.309786062436,
              31.167180917761
            ],
            [
              121.309679712539,
              31.167324137066
            ],
            [
              121.309575394245,
              31.167467356371
            ],
            [
              121.309460694029,
              31.167610575676
            ],
            [
              121.309348546677,
              31.167753794981
            ],
            [
              121.309236736847,
              31.167897014286
            ],
            [
              121.309124927017,
              31.168040233591
            ],
            [
              121.309013117188,
              31.168183452896
            ],
            [
              121.308901307358,
              31.168326672201
            ],
            [
              121.308800519058,
              31.168469891506
            ],
            [
              121.308705230356,
              31.168613110811
            ],
            [
              121.308609959567,
              31.168756330116
            ],
            [
              121.308514688779,
              31.168899549421
            ],
            [
              121.30841941799,
              31.169042768726
            ],
            [
              121.308324127405,
              31.169185988031
            ],
            [
              121.308228831421,
              31.169329207336
            ],
            [
              121.308133530551,
              31.169472426641
            ],
            [
              121.308038229681,
              31.169615645946
            ],
            [
              121.307943005433,
              31.169758865251
            ],
            [
              121.307847893877,
              31.169902084556
            ],
            [
              121.307752782321,
              31.170045303861
            ],
            [
              121.307657670765,
              31.170188523166
            ],
            [
              121.307562559209,
              31.170331742471
            ],
            [
              121.307467447653,
              31.170474961776
            ],
            [
              121.307372994684,
              31.170618181081
            ],
            [
              121.307278967529,
              31.170761400386
            ],
            [
              121.307184947588,
              31.170904619691
            ],
            [
              121.307090943538,
              31.171047838996
            ],
            [
              121.306996934656,
              31.171191058301
            ],
            [
              121.306902922489,
              31.171334277606
            ],
            [
              121.306808925379,
              31.171477496911
            ],
            [
              121.30671490175,
              31.171620716216
            ],
            [
              121.306622020093,
              31.171763935521
            ],
            [
              121.306530398465,
              31.171907154826
            ],
            [
              121.30643281989,
              31.172050374131
            ],
            [
              121.306338791847,
              31.172193593436
            ],
            [
              121.306244763803,
              31.172336812741
            ],
            [
              121.30615073576,
              31.172480032046
            ],
            [
              121.306056707716,
              31.172623251351
            ],
            [
              121.305962679673,
              31.172766470656
            ],
            [
              121.305680678079,
              31.173196128571
            ],
            [
              121.30558427879,
              31.173339347876
            ],
            [
              121.305488921139,
              31.173482567181
            ],
            [
              121.305395647671,
              31.173625786486
            ],
            [
              121.305302527529,
              31.173769005792
            ],
            [
              121.305209407388,
              31.173912225097
            ],
            [
              121.305116287247,
              31.174055444402
            ],
            [
              121.305022591944,
              31.174198663707
            ],
            [
              121.304927760535,
              31.174341883012
            ],
            [
              121.30484313475,
              31.174485102317
            ],
            [
              121.304758549176,
              31.174628321622
            ],
            [
              121.304673966361,
              31.174771540927
            ],
            [
              121.304589383546,
              31.174914760232
            ],
            [
              121.30450480073,
              31.175057979537
            ],
            [
              121.304420217915,
              31.175201198842
            ],
            [
              121.304335490651,
              31.175344418147
            ],
            [
              121.304250615294,
              31.175487637452
            ],
            [
              121.304165739938,
              31.175630856757
            ],
            [
              121.304080864581,
              31.175774076062
            ],
            [
              121.303994722181,
              31.175917295367
            ],
            [
              121.303907397748,
              31.176060514672
            ],
            [
              121.303822688742,
              31.176203733977
            ],
            [
              121.303743909726,
              31.176346953282
            ],
            [
              121.303665130709,
              31.176490172587
            ],
            [
              121.303586351693,
              31.176633391892
            ],
            [
              121.303507572677,
              31.176776611197
            ],
            [
              121.30342879366,
              31.176919830502
            ],
            [
              121.303350014644,
              31.177063049807
            ],
            [
              121.303268654808,
              31.177206269112
            ],
            [
              121.303186468155,
              31.177349488417
            ],
            [
              121.303101872785,
              31.177492707722
            ],
            [
              121.302990220546,
              31.177635927027
            ],
            [
              121.302878568307,
              31.177779146332
            ],
            [
              121.302766916068,
              31.177922365637
            ],
            [
              121.302655263829,
              31.178065584942
            ],
            [
              121.302543611589,
              31.178208804247
            ],
            [
              121.30243195935,
              31.178352023552
            ],
            [
              121.302322528011,
              31.178495242857
            ],
            [
              121.302217921754,
              31.178638462162
            ],
            [
              121.302113315497,
              31.178781681467
            ],
            [
              121.30200870924,
              31.178924900772
            ],
            [
              121.301904102983,
              31.179068120077
            ],
            [
              121.301792822762,
              31.179211339382
            ],
            [
              121.301652603148,
              31.179354558687
            ],
            [
              121.301529732714,
              31.179497777992
            ],
            [
              121.301417469825,
              31.179640997297
            ],
            [
              121.301305195235,
              31.179784216602
            ],
            [
              121.30119292048,
              31.179927435907
            ],
            [
              121.301080645725,
              31.180070655212
            ],
            [
              121.30096837097,
              31.180213874517
            ],
            [
              121.300856096215,
              31.180357093822
            ],
            [
              121.30074382146,
              31.180500313127
            ],
            [
              121.300631546705,
              31.180643532432
            ],
            [
              121.300519271949,
              31.180786751737
            ],
            [
              121.300406997194,
              31.180929971042
            ],
            [
              121.300294722439,
              31.181073190347
            ],
            [
              121.300182440166,
              31.181216409653
            ],
            [
              121.300070148376,
              31.181359628958
            ],
            [
              121.299957856586,
              31.181502848263
            ],
            [
              121.299845564797,
              31.181646067568
            ],
            [
              121.299733273007,
              31.181789286873
            ],
            [
              121.299620981217,
              31.181932506178
            ],
            [
              121.299508720756,
              31.182075725483
            ],
            [
              121.299396462246,
              31.182218944788
            ],
            [
              121.299284182707,
              31.182362164093
            ],
            [
              121.299171902967,
              31.182505383398
            ],
            [
              121.299059623227,
              31.182648602703
            ],
            [
              121.298947339414,
              31.182791822008
            ],
            [
              121.298835052376,
              31.182935041313
            ],
            [
              121.298722765338,
              31.183078260618
            ],
            [
              121.2986104783,
              31.183221479923
            ],
            [
              121.29849866891,
              31.183364699228
            ],
            [
              121.298387485246,
              31.183507918533
            ],
            [
              121.298276301583,
              31.183651137838
            ],
            [
              121.298170242724,
              31.183794357143
            ],
            [
              121.298071403598,
              31.183937576448
            ],
            [
              121.297972564473,
              31.184080795753
            ],
            [
              121.297866600016,
              31.184224015058
            ],
            [
              121.297755569104,
              31.184367234363
            ],
            [
              121.297644538193,
              31.184510453668
            ],
            [
              121.297533507281,
              31.184653672973
            ],
            [
              121.297422453639,
              31.184796892278
            ],
            [
              121.297307774237,
              31.184940111583
            ],
            [
              121.297192930569,
              31.185083330888
            ],
            [
              121.297076909187,
              31.185226550193
            ],
            [
              121.296960887805,
              31.185369769498
            ],
            [
              121.296844866423,
              31.185512988803
            ],
            [
              121.296728845041,
              31.185656208108
            ],
            [
              121.296614827342,
              31.185799427413
            ],
            [
              121.296503316061,
              31.185942646718
            ],
            [
              121.296391804781,
              31.186085866023
            ],
            [
              121.296267574942,
              31.186229085328
            ],
            [
              121.296128093275,
              31.186372304633
            ],
            [
              121.29598862844,
              31.186515523938
            ],
            [
              121.295849459172,
              31.186658743243
            ],
            [
              121.295715019556,
              31.186801962548
            ],
            [
              121.295579502399,
              31.186945181853
            ],
            [
              121.295443947732,
              31.187088401158
            ],
            [
              121.295312930258,
              31.187231620463
            ],
            [
              121.295200012368,
              31.187374839768
            ],
            [
              121.295092000562,
              31.187518059073
            ],
            [
              121.294983916196,
              31.187661278378
            ],
            [
              121.294874550994,
              31.187804497683
            ],
            [
              121.294765185792,
              31.187947716988
            ],
            [
              121.294655820589,
              31.188090936293
            ],
            [
              121.294546455387,
              31.188234155598
            ],
            [
              121.294437090184,
              31.188377374903
            ],
            [
              121.294327724982,
              31.188520594208
            ],
            [
              121.29421835978,
              31.188663813514
            ],
            [
              121.294108994577,
              31.188807032819
            ],
            [
              121.293999625996,
              31.188950252124
            ],
            [
              121.293890253455,
              31.189093471429
            ],
            [
              121.293780880915,
              31.189236690734
            ],
            [
              121.293671508375,
              31.189379910039
            ],
            [
              121.293562135835,
              31.189523129344
            ],
            [
              121.293458054345,
              31.189666348649
            ],
            [
              121.293356906078,
              31.189809567954
            ],
            [
              121.29325575781,
              31.189952787259
            ],
            [
              121.293154609543,
              31.190096006564
            ],
            [
              121.293053461276,
              31.190239225869
            ],
            [
              121.292952313008,
              31.190382445174
            ],
            [
              121.292851164741,
              31.190525664479
            ],
            [
              121.292750016473,
              31.190668883784
            ],
            [
              121.292648868206,
              31.190812103089
            ],
            [
              121.292547720979,
              31.190955322394
            ],
            [
              121.29244657665,
              31.191098541699
            ],
            [
              121.292345432321,
              31.191241761004
            ],
            [
              121.292244287992,
              31.191384980309
            ],
            [
              121.292142983045,
              31.191528199614
            ],
            [
              121.292041563553,
              31.191671418919
            ],
            [
              121.291940144061,
              31.191814638224
            ],
            [
              121.291838724568,
              31.191957857529
            ],
            [
              121.291737305076,
              31.192101076834
            ],
            [
              121.291635885583,
              31.192244296139
            ],
            [
              121.291534929369,
              31.192387515444
            ],
            [
              121.291434870493,
              31.192530734749
            ],
            [
              121.291336022241,
              31.192673954054
            ],
            [
              121.291237173989,
              31.192817173359
            ],
            [
              121.291138325737,
              31.192960392664
            ],
            [
              121.291039478004,
              31.193103611969
            ],
            [
              121.290940632271,
              31.193246831274
            ],
            [
              121.290841786036,
              31.193390050579
            ],
            [
              121.290742939802,
              31.193533269884
            ],
            [
              121.290644093568,
              31.193676489189
            ],
            [
              121.290545247333,
              31.193819708494
            ],
            [
              121.290446401099,
              31.193962927799
            ],
            [
              121.290347554865,
              31.194106147104
            ],
            [
              121.290248708631,
              31.194249366409
            ],
            [
              121.29015116018,
              31.194392585714
            ],
            [
              121.290077684556,
              31.194535805019
            ],
            [
              121.289955683748,
              31.194679024324
            ],
            [
              121.289911298381,
              31.194822243629
            ],
            [
              121.289820605766,
              31.194965462934
            ],
            [
              121.289729517167,
              31.195108682239
            ],
            [
              121.289637546274,
              31.195251901544
            ],
            [
              121.289526718449,
              31.195395120849
            ],
            [
              121.289415890623,
              31.195538340154
            ],
            [
              121.289305062798,
              31.195681559459
            ],
            [
              121.289194234973,
              31.195824778764
            ],
            [
              121.289085495506,
              31.195967998069
            ],
            [
              121.28897728905,
              31.196111217375
            ],
            [
              121.288869082594,
              31.19625443668
            ],
            [
              121.288760876139,
              31.196397655985
            ],
            [
              121.288652669683,
              31.19654087529
            ],
            [
              121.288544463227,
              31.196684094595
            ],
            [
              121.288396423804,
              31.1968273139
            ],
            [
              121.288233226095,
              31.196970533205
            ],
            [
              121.288063549764,
              31.19711375251
            ],
            [
              121.287893873432,
              31.197256971815
            ],
            [
              121.287724197101,
              31.19740019112
            ],
            [
              121.287530051504,
              31.197543410425
            ],
            [
              121.287318980178,
              31.19768662973
            ],
            [
              121.287136845761,
              31.197829849035
            ],
            [
              121.286954711345,
              31.19797306834
            ],
            [
              121.286772306172,
              31.198116287645
            ],
            [
              121.286587684048,
              31.19825950695
            ],
            [
              121.286403061924,
              31.198402726255
            ],
            [
              121.286218439799,
              31.19854594556
            ],
            [
              121.286033817675,
              31.198689164865
            ],
            [
              121.285861822269,
              31.19883238417
            ],
            [
              121.285708280587,
              31.198975603475
            ],
            [
              121.285554738905,
              31.19911882278
            ],
            [
              121.285401197128,
              31.199262042085
            ],
            [
              121.285259645214,
              31.19940526139
            ],
            [
              121.285140572607,
              31.199548480695
            ],
            [
              121.2850215,
              31.1996917
            ],
            [
              121.27303989877,
              31.210357284028
            ],
            [
              121.272714591892,
              31.210257006023
            ],
            [
              121.272311610811,
              31.210132784429
            ],
            [
              121.27190862973,
              31.210008562835
            ],
            [
              121.271505648649,
              31.209884341242
            ],
            [
              121.271102667568,
              31.209759770955
            ],
            [
              121.270699686486,
              31.20963511543
            ],
            [
              121.270296705405,
              31.209510459904
            ],
            [
              121.269893724324,
              31.209385804379
            ],
            [
              121.269490743243,
              31.209261148853
            ],
            [
              121.269087762162,
              31.209136493328
            ],
            [
              121.268684781081,
              31.209011826734
            ],
            [
              121.2682818,
              31.208887147354
            ],
            [
              121.267878818919,
              31.208693510916
            ],
            [
              121.267475837838,
              31.208564656164
            ],
            [
              121.267072856757,
              31.208439425794
            ],
            [
              121.266669875676,
              31.208281537159
            ],
            [
              121.266266894595,
              31.208156314781
            ],
            [
              121.265863913514,
              31.208043452436
            ],
            [
              121.265460932432,
              31.207942105398
            ],
            [
              121.265057951351,
              31.20781778778
            ],
            [
              121.26465497027,
              31.207693470162
            ],
            [
              121.264251989189,
              31.207569152544
            ],
            [
              121.263849008108,
              31.207444834926
            ],
            [
              121.263446027027,
              31.207318910694
            ],
            [
              121.263043045946,
              31.20716897816
            ],
            [
              121.262640064865,
              31.207012109713
            ],
            [
              121.262237083784,
              31.206840810716
            ],
            [
              121.261834102703,
              31.206659146062
            ],
            [
              121.261431121622,
              31.206476086187
            ],
            [
              121.261028140541,
              31.206293033057
            ],
            [
              121.260625159459,
              31.206109979927
            ],
            [
              121.260222178378,
              31.205931023939
            ],
            [
              121.259819197297,
              31.205756293872
            ],
            [
              121.259416216216,
              31.205579410368
            ],
            [
              121.259013235135,
              31.205408853055
            ],
            [
              121.258610254054,
              31.205243834091
            ],
            [
              121.258207272973,
              31.205080937813
            ],
            [
              121.257804291892,
              31.204931302289
            ],
            [
              121.257401310811,
              31.204782719359
            ],
            [
              121.25699832973,
              31.204636396612
            ],
            [
              121.256595348649,
              31.204504455268
            ],
            [
              121.256192367568,
              31.204375660578
            ],
            [
              121.255789386486,
              31.204255888307
            ],
            [
              121.255386405405,
              31.204136116035
            ],
            [
              121.254983424324,
              31.204016343764
            ],
            [
              121.254580443243,
              31.203962463008
            ],
            [
              121.254177462162,
              31.203911538974
            ],
            [
              121.253774481081,
              31.20386061494
            ],
            [
              121.2533715,
              31.20380094381
            ],
            [
              121.252968518919,
              31.20374784123
            ],
            [
              121.252565537838,
              31.203706177077
            ],
            [
              121.252162556757,
              31.203671536581
            ],
            [
              121.251759575676,
              31.203638274322
            ],
            [
              121.251356594595,
              31.203619904775
            ],
            [
              121.250953613514,
              31.203605362973
            ],
            [
              121.250550632432,
              31.203600086251
            ],
            [
              121.250147651351,
              31.203599028638
            ],
            [
              121.24974467027,
              31.203613454866
            ],
            [
              121.249341689189,
              31.203627800797
            ],
            [
              121.248938708108,
              31.203642146729
            ],
            [
              121.248535727027,
              31.203656492661
            ],
            [
              121.248132745946,
              31.203670838592
            ],
            [
              121.247729764865,
              31.203685184524
            ],
            [
              121.247326783784,
              31.203699530456
            ],
            [
              121.246923802703,
              31.203714492521
            ],
            [
              121.246520821622,
              31.203729644029
            ],
            [
              121.246117840541,
              31.203744637883
            ],
            [
              121.245714859459,
              31.20375899197
            ],
            [
              121.245311878378,
              31.203772685313
            ],
            [
              121.244908897297,
              31.203786378656
            ],
            [
              121.244505916216,
              31.203800071998
            ],
            [
              121.244102935135,
              31.203813765341
            ],
            [
              121.243699954054,
              31.203828301949
            ],
            [
              121.243296972973,
              31.20384401566
            ],
            [
              121.242893991892,
              31.20385972937
            ],
            [
              121.242491010811,
              31.203875443081
            ],
            [
              121.24208802973,
              31.203891156791
            ],
            [
              121.241685048649,
              31.203906870502
            ],
            [
              121.241282067568,
              31.203922584212
            ],
            [
              121.240879086486,
              31.203938297922
            ],
            [
              121.240476105405,
              31.203953028259
            ],
            [
              121.240073124324,
              31.20396617553
            ],
            [
              121.239670143243,
              31.203979322801
            ],
            [
              121.239267162162,
              31.203992470072
            ],
            [
              121.238864181081,
              31.203993596475
            ],
            [
              121.2384612,
              31.203975071966
            ],
            [
              121.238058218919,
              31.203941468491
            ],
            [
              121.237655237838,
              31.203898874553
            ],
            [
              121.237252256757,
              31.20382746319
            ],
            [
              121.236849275676,
              31.203736939654
            ],
            [
              121.236446294595,
              31.203627481038
            ],
            [
              121.236043313514,
              31.203506531112
            ],
            [
              121.235640332432,
              31.203358316821
            ],
            [
              121.235237351351,
              31.203186969399
            ],
            [
              121.23483437027,
              31.202996902683
            ],
            [
              121.234431389189,
              31.202771676363
            ],
            [
              121.234028408108,
              31.202535446599
            ],
            [
              121.233625427027,
              31.20228000798
            ],
            [
              121.233222445946,
              31.202013154342
            ],
            [
              121.232819464865,
              31.201746300704
            ],
            [
              121.232416483784,
              31.201476143047
            ],
            [
              121.232013502703,
              31.201204696434
            ],
            [
              121.231610521622,
              31.200933249821
            ],
            [
              121.231207540541,
              31.200661803208
            ],
            [
              121.230804559459,
              31.200390359077
            ],
            [
              121.230401578378,
              31.200118910565
            ],
            [
              121.229998597297,
              31.199847455984
            ],
            [
              121.229595616216,
              31.199570118453
            ],
            [
              121.229192635135,
              31.19928300054
            ],
            [
              121.228789654054,
              31.198995882628
            ],
            [
              121.228386672973,
              31.198708764715
            ],
            [
              121.227983691892,
              31.198416269627
            ],
            [
              121.22765393629,
              31.198173540671
            ],
            [
              121.227691049358,
              31.198116057143
            ],
            [
              121.227791296733,
              31.198007714286
            ],
            [
              121.227919632985,
              31.197899371429
            ],
            [
              121.228048037544,
              31.197791028571
            ],
            [
              121.228176442104,
              31.197682685714
            ],
            [
              121.228304846663,
              31.197574342857
            ],
            [
              121.228434277781,
              31.197466
            ],
            [
              121.228564502639,
              31.197357657143
            ],
            [
              121.228694727498,
              31.197249314286
            ],
            [
              121.228825492065,
              31.197140971429
            ],
            [
              121.228957972103,
              31.197032628571
            ],
            [
              121.229090452141,
              31.196924285714
            ],
            [
              121.229222932179,
              31.196815942857
            ],
            [
              121.229355412217,
              31.1967076
            ],
            [
              121.229487892255,
              31.196599257143
            ],
            [
              121.229620372294,
              31.196490914286
            ],
            [
              121.229752852332,
              31.196382571429
            ],
            [
              121.229883030347,
              31.196274228571
            ],
            [
              121.230010460175,
              31.196165885714
            ],
            [
              121.230136163326,
              31.196057542857
            ],
            [
              121.230261866477,
              31.1959492
            ],
            [
              121.230387569628,
              31.195840857143
            ],
            [
              121.230502393407,
              31.195732514286
            ],
            [
              121.2306055834,
              31.195624171429
            ],
            [
              121.23070267661,
              31.195515828571
            ],
            [
              121.230781353568,
              31.195407485714
            ],
            [
              121.230851821646,
              31.195299142857
            ],
            [
              121.230921748585,
              31.1951908
            ],
            [
              121.230991424386,
              31.195082457143
            ],
            [
              121.23104722285,
              31.194974114286
            ],
            [
              121.231093916082,
              31.194865771429
            ],
            [
              121.231140609312,
              31.194757428571
            ],
            [
              121.231185386148,
              31.194649085714
            ],
            [
              121.231225319404,
              31.194540742857
            ],
            [
              121.23126525266,
              31.1944324
            ],
            [
              121.231302396904,
              31.194324057143
            ],
            [
              121.231338463273,
              31.194215714286
            ],
            [
              121.231374529642,
              31.194107371429
            ],
            [
              121.231410596011,
              31.193999028571
            ],
            [
              121.231446662379,
              31.193890685714
            ],
            [
              121.231482728748,
              31.193782342857
            ],
            [
              121.231529552002,
              31.193674
            ],
            [
              121.231582482905,
              31.193565657143
            ],
            [
              121.231635413808,
              31.193457314286
            ],
            [
              121.231688344711,
              31.193348971429
            ],
            [
              121.231744141521,
              31.193240628571
            ],
            [
              121.231802130894,
              31.193132285714
            ],
            [
              121.231859357347,
              31.193023942857
            ],
            [
              121.231915418058,
              31.1929156
            ],
            [
              121.231971478768,
              31.192807257143
            ],
            [
              121.232027539479,
              31.192698914286
            ],
            [
              121.232083600189,
              31.192590571429
            ],
            [
              121.2321396609,
              31.192482228571
            ],
            [
              121.232192507225,
              31.192373885714
            ],
            [
              121.232245036442,
              31.192265542857
            ],
            [
              121.232297565658,
              31.1921572
            ],
            [
              121.232350094875,
              31.192048857143
            ],
            [
              121.232402624092,
              31.191940514286
            ],
            [
              121.232455153309,
              31.191832171429
            ],
            [
              121.232507682526,
              31.191723828571
            ],
            [
              121.232560211742,
              31.191615485714
            ],
            [
              121.232612740959,
              31.191507142857
            ],
            [
              121.232665270176,
              31.1913988
            ],
            [
              121.232717799393,
              31.191290457143
            ],
            [
              121.232770328609,
              31.191182114286
            ],
            [
              121.232822854169,
              31.191073771429
            ],
            [
              121.232875370931,
              31.190965428571
            ],
            [
              121.232927890866,
              31.190857085714
            ],
            [
              121.232980414237,
              31.190748742857
            ],
            [
              121.233033267585,
              31.1906404
            ],
            [
              121.233086516121,
              31.190532057143
            ],
            [
              121.233139764657,
              31.190423714286
            ],
            [
              121.233191580357,
              31.190315371429
            ],
            [
              121.233241722696,
              31.190207028571
            ],
            [
              121.233291865036,
              31.190098685714
            ],
            [
              121.233342007376,
              31.189990342857
            ],
            [
              121.233392149716,
              31.189882
            ],
            [
              121.233442292056,
              31.189773657143
            ],
            [
              121.23349407407,
              31.189665314286
            ],
            [
              121.233559473079,
              31.189556971429
            ],
            [
              121.233623018489,
              31.189448628571
            ],
            [
              121.233684795291,
              31.189340285714
            ],
            [
              121.233746572093,
              31.189231942857
            ],
            [
              121.233808348894,
              31.1891236
            ],
            [
              121.233870125696,
              31.189015257143
            ],
            [
              121.233933523471,
              31.188906914286
            ],
            [
              121.234002701762,
              31.188798571429
            ],
            [
              121.234071880052,
              31.188690228571
            ],
            [
              121.234141058343,
              31.188581885714
            ],
            [
              121.234216245769,
              31.188473542857
            ],
            [
              121.234302025137,
              31.1883652
            ],
            [
              121.234387796862,
              31.188256857143
            ],
            [
              121.234473582611,
              31.188148514286
            ],
            [
              121.234559372607,
              31.188040171429
            ],
            [
              121.234645148242,
              31.187931828571
            ],
            [
              121.234730923876,
              31.187823485714
            ],
            [
              121.23483499881,
              31.187715142857
            ],
            [
              121.234935861662,
              31.1876068
            ],
            [
              121.235035974747,
              31.187498457143
            ],
            [
              121.235136087833,
              31.187390114286
            ],
            [
              121.235236126778,
              31.187281771429
            ],
            [
              121.235350542432,
              31.187173428571
            ],
            [
              121.235466856676,
              31.187065085714
            ],
            [
              121.235575666385,
              31.186956742857
            ],
            [
              121.235684476095,
              31.1868484
            ],
            [
              121.235799405527,
              31.186740057143
            ],
            [
              121.235917431276,
              31.186631714286
            ],
            [
              121.236037624458,
              31.186523371429
            ],
            [
              121.236163413749,
              31.186415028571
            ],
            [
              121.236289268593,
              31.186306685714
            ],
            [
              121.236415123438,
              31.186198342857
            ],
            [
              121.236540978282,
              31.18609
            ],
            [
              121.236666833127,
              31.185981657143
            ],
            [
              121.236792687972,
              31.185873314286
            ],
            [
              121.236920484112,
              31.185764971429
            ],
            [
              121.23704982529,
              31.185656628571
            ],
            [
              121.237179166467,
              31.185548285714
            ],
            [
              121.237308507645,
              31.185439942857
            ],
            [
              121.23744169801,
              31.1853316
            ],
            [
              121.237575195692,
              31.185223257143
            ],
            [
              121.237708693373,
              31.185114914286
            ],
            [
              121.237840779133,
              31.185006571429
            ],
            [
              121.237960406324,
              31.184898228571
            ],
            [
              121.23807569789,
              31.184789885714
            ],
            [
              121.238186117189,
              31.184681542857
            ],
            [
              121.238296536489,
              31.1845732
            ],
            [
              121.238406955788,
              31.184464857143
            ],
            [
              121.238508013306,
              31.184356514286
            ],
            [
              121.238595781255,
              31.184248171429
            ],
            [
              121.238683549204,
              31.184139828571
            ],
            [
              121.238771317153,
              31.184031485714
            ],
            [
              121.238859085102,
              31.183923142857
            ],
            [
              121.238946853051,
              31.1838148
            ],
            [
              121.239034621,
              31.183706457143
            ],
            [
              121.239121586161,
              31.183598114286
            ],
            [
              121.239204379974,
              31.183489771429
            ],
            [
              121.239287173787,
              31.183381428571
            ],
            [
              121.239358222795,
              31.183273085714
            ],
            [
              121.239419551055,
              31.183164742857
            ],
            [
              121.239480153105,
              31.1830564
            ],
            [
              121.239538269949,
              31.182948057143
            ],
            [
              121.239596386794,
              31.182839714286
            ],
            [
              121.239654503638,
              31.182731371429
            ],
            [
              121.239712620483,
              31.182623028571
            ],
            [
              121.239770737328,
              31.182514685714
            ],
            [
              121.239828854172,
              31.182406342857
            ],
            [
              121.239886971017,
              31.182298
            ],
            [
              121.239945087861,
              31.182189657143
            ],
            [
              121.240003204706,
              31.182081314286
            ],
            [
              121.240061321551,
              31.181972971429
            ],
            [
              121.240119438395,
              31.181864628571
            ],
            [
              121.24017755524,
              31.181756285714
            ],
            [
              121.240235672085,
              31.181647942857
            ],
            [
              121.240293788929,
              31.1815396
            ],
            [
              121.240348788908,
              31.181431257143
            ],
            [
              121.240403553751,
              31.181322914286
            ],
            [
              121.240458318594,
              31.181214571429
            ],
            [
              121.240513083437,
              31.181106228571
            ],
            [
              121.240554821984,
              31.180997885714
            ],
            [
              121.240590540507,
              31.180889542857
            ],
            [
              121.240622954852,
              31.1807812
            ],
            [
              121.240652052474,
              31.180672857143
            ],
            [
              121.240681277118,
              31.180564514286
            ],
            [
              121.240710501762,
              31.180456171429
            ],
            [
              121.240739726406,
              31.180347828571
            ],
            [
              121.24076895105,
              31.180239485714
            ],
            [
              121.240798175694,
              31.180131142857
            ],
            [
              121.240827400338,
              31.1800228
            ],
            [
              121.240852239004,
              31.179914457143
            ],
            [
              121.240876521113,
              31.179806114286
            ],
            [
              121.240891530691,
              31.179697771429
            ],
            [
              121.240905647596,
              31.179589428571
            ],
            [
              121.240919764502,
              31.179481085714
            ],
            [
              121.240933881408,
              31.179372742857
            ],
            [
              121.240942853374,
              31.1792644
            ],
            [
              121.240948257889,
              31.179156057143
            ],
            [
              121.240953662405,
              31.179047714286
            ],
            [
              121.240955100531,
              31.178939371429
            ],
            [
              121.240954037005,
              31.178831028571
            ],
            [
              121.24095297348,
              31.178722685714
            ],
            [
              121.240951909955,
              31.178614342857
            ],
            [
              121.240950146329,
              31.178506
            ],
            [
              121.240944487427,
              31.178397657143
            ],
            [
              121.240938793807,
              31.178289314286
            ],
            [
              121.240932599064,
              31.178180971429
            ],
            [
              121.240926272765,
              31.178072628571
            ],
            [
              121.240919946467,
              31.177964285714
            ],
            [
              121.240913620168,
              31.177855942857
            ],
            [
              121.240907293869,
              31.1777476
            ],
            [
              121.240900181802,
              31.177639257143
            ],
            [
              121.240891693539,
              31.177530914286
            ],
            [
              121.240883189163,
              31.177422571429
            ],
            [
              121.240874687015,
              31.177314228571
            ],
            [
              121.24086620059,
              31.177205885714
            ],
            [
              121.240857714165,
              31.177097542857
            ],
            [
              121.24084922774,
              31.1769892
            ],
            [
              121.240841164616,
              31.176880857143
            ],
            [
              121.24083368519,
              31.176772514286
            ],
            [
              121.240826205764,
              31.176664171429
            ],
            [
              121.240818726338,
              31.176555828571
            ],
            [
              121.240797499825,
              31.176447485714
            ],
            [
              121.240772607696,
              31.176339142857
            ],
            [
              121.240748505138,
              31.1762308
            ],
            [
              121.24072440258,
              31.176122457143
            ],
            [
              121.240700300022,
              31.176014114286
            ],
            [
              121.24067754945,
              31.175905771429
            ],
            [
              121.240657257154,
              31.175797428571
            ],
            [
              121.24063695644,
              31.175689085714
            ],
            [
              121.240616655725,
              31.175580742857
            ],
            [
              121.24059635501,
              31.1754724
            ],
            [
              121.240576054296,
              31.175364057143
            ],
            [
              121.240555753581,
              31.175255714286
            ],
            [
              121.240535452866,
              31.175147371429
            ],
            [
              121.240513588973,
              31.175039028571
            ],
            [
              121.240491296415,
              31.174930685714
            ],
            [
              121.240468859988,
              31.174822342857
            ],
            [
              121.240446423561,
              31.174714
            ],
            [
              121.240423987134,
              31.174605657143
            ],
            [
              121.240401550706,
              31.174497314286
            ],
            [
              121.240379114279,
              31.174388971429
            ],
            [
              121.240356677852,
              31.174280628571
            ],
            [
              121.240334241425,
              31.174172285714
            ],
            [
              121.2403118837,
              31.174063942857
            ],
            [
              121.240290183263,
              31.1739556
            ],
            [
              121.240268655307,
              31.173847257143
            ],
            [
              121.240247127352,
              31.173738914286
            ],
            [
              121.240225599396,
              31.173630571429
            ],
            [
              121.240204071441,
              31.173522228571
            ],
            [
              121.240182543485,
              31.173413885714
            ],
            [
              121.24016101553,
              31.173305542857
            ],
            [
              121.240137912975,
              31.1731972
            ],
            [
              121.240114664949,
              31.173088857143
            ],
            [
              121.240091416922,
              31.172980514286
            ],
            [
              121.240068168895,
              31.172872171429
            ],
            [
              121.240044879578,
              31.172763828571
            ],
            [
              121.240021491202,
              31.172655485714
            ],
            [
              121.239998014533,
              31.172547142857
            ],
            [
              121.239974651081,
              31.1724388
            ],
            [
              121.239951287629,
              31.172330457143
            ],
            [
              121.239927924177,
              31.172222114286
            ],
            [
              121.239904560725,
              31.172113771429
            ],
            [
              121.239881197273,
              31.172005428571
            ],
            [
              121.239857833821,
              31.171897085714
            ],
            [
              121.239834470369,
              31.171788742857
            ],
            [
              121.239811106917,
              31.1716804
            ],
            [
              121.239787743465,
              31.171572057143
            ],
            [
              121.239764380013,
              31.171463714286
            ],
            [
              121.239741154271,
              31.171355371429
            ],
            [
              121.239718550934,
              31.171247028571
            ],
            [
              121.239695947596,
              31.171138685714
            ],
            [
              121.239673374023,
              31.171030342857
            ],
            [
              121.239650869736,
              31.170922
            ],
            [
              121.239628365449,
              31.170813657143
            ],
            [
              121.239605861163,
              31.170705314286
            ],
            [
              121.239583356876,
              31.170596971429
            ],
            [
              121.239560791148,
              31.170488628571
            ],
            [
              121.239537842235,
              31.170380285714
            ],
            [
              121.239514978422,
              31.170271942857
            ],
            [
              121.239553,
              31.1701636
            ],
            [
              121.23533014111,
              31.147662645907
            ],
            [
              121.2511685,
              31.1499446
            ],
            [
              121.251406842471,
              31.149978554554
            ],
            [
              121.251645184942,
              31.150012509108
            ],
            [
              121.251883527413,
              31.150046463661
            ],
            [
              121.252121869884,
              31.150080418215
            ],
            [
              121.252360212355,
              31.150114372769
            ],
            [
              121.252598554826,
              31.150148327323
            ],
            [
              121.252836897297,
              31.150182281877
            ],
            [
              121.253075239768,
              31.15021623643
            ],
            [
              121.253313582239,
              31.150250190984
            ],
            [
              121.25355192471,
              31.150288013838
            ],
            [
              121.253790267181,
              31.150324846799
            ],
            [
              121.254028609653,
              31.150360851813
            ],
            [
              121.254266952124,
              31.150397640803
            ],
            [
              121.254505294595,
              31.150437703281
            ],
            [
              121.254743637066,
              31.150477765759
            ],
            [
              121.254981979537,
              31.150517828236
            ],
            [
              121.255220322008,
              31.150557890714
            ],
            [
              121.255458664479,
              31.150597953191
            ],
            [
              121.25569700695,
              31.150638015669
            ],
            [
              121.255935349421,
              31.150678078147
            ],
            [
              121.256173691892,
              31.150718140624
            ],
            [
              121.256412034363,
              31.150758203102
            ],
            [
              121.256650376834,
              31.15079826558
            ],
            [
              121.256888719305,
              31.150838328057
            ],
            [
              121.257127061776,
              31.150878390535
            ],
            [
              121.257365404247,
              31.150918453013
            ],
            [
              121.257603746718,
              31.15095851549
            ],
            [
              121.257842089189,
              31.150998577968
            ],
            [
              121.25808043166,
              31.151038640445
            ],
            [
              121.258318774131,
              31.151078702923
            ],
            [
              121.258557116602,
              31.151118803664
            ],
            [
              121.258795459073,
              31.151159129616
            ],
            [
              121.259033801544,
              31.151198694519
            ],
            [
              121.259272144015,
              31.151238259421
            ],
            [
              121.259510486486,
              31.151277824324
            ],
            [
              121.259748828958,
              31.151317389227
            ],
            [
              121.259987171429,
              31.151356954129
            ],
            [
              121.2602255139,
              31.151396519032
            ],
            [
              121.260463856371,
              31.151436083935
            ],
            [
              121.260702198842,
              31.151475648837
            ],
            [
              121.260940541313,
              31.15151521374
            ],
            [
              121.261178883784,
              31.151554778643
            ],
            [
              121.261417226255,
              31.151594343545
            ],
            [
              121.261655568726,
              31.151635466088
            ],
            [
              121.261893911197,
              31.151677098453
            ],
            [
              121.262132253668,
              31.151714668451
            ],
            [
              121.262370596139,
              31.151752158701
            ],
            [
              121.26260893861,
              31.151789648951
            ],
            [
              121.262847281081,
              31.151827139201
            ],
            [
              121.263085623552,
              31.151864629451
            ],
            [
              121.263323966023,
              31.151902119701
            ],
            [
              121.263562308494,
              31.151939609951
            ],
            [
              121.263800650965,
              31.151977100201
            ],
            [
              121.264038993436,
              31.152014590451
            ],
            [
              121.264277335907,
              31.152052080701
            ],
            [
              121.264515678378,
              31.152089570951
            ],
            [
              121.264754020849,
              31.152127061201
            ],
            [
              121.26499236332,
              31.152164551451
            ],
            [
              121.265230705792,
              31.152202041702
            ],
            [
              121.265469048263,
              31.152239531952
            ],
            [
              121.265707390734,
              31.152277022202
            ],
            [
              121.265945733205,
              31.152314512452
            ],
            [
              121.266184075676,
              31.152352002702
            ],
            [
              121.266422418147,
              31.152389492952
            ],
            [
              121.266660760618,
              31.152426973557
            ],
            [
              121.266899103089,
              31.152464452911
            ],
            [
              121.26713744556,
              31.152501932264
            ],
            [
              121.267375788031,
              31.152539411618
            ],
            [
              121.267614130502,
              31.152576890971
            ],
            [
              121.267852472973,
              31.152614370325
            ],
            [
              121.268090815444,
              31.152651941135
            ],
            [
              121.268329157915,
              31.152689951947
            ],
            [
              121.268567500386,
              31.15273069584
            ],
            [
              121.268805842857,
              31.152776910762
            ],
            [
              121.269044185328,
              31.152823125683
            ],
            [
              121.269282527799,
              31.152869340605
            ],
            [
              121.26952087027,
              31.152915555526
            ],
            [
              121.269759212741,
              31.152961770447
            ],
            [
              121.269997555212,
              31.153007985369
            ],
            [
              121.270235897683,
              31.15305420029
            ],
            [
              121.270474240154,
              31.153101261407
            ],
            [
              121.270712582625,
              31.153164367593
            ],
            [
              121.270950925097,
              31.15321433446
            ],
            [
              121.271189267568,
              31.153263063708
            ],
            [
              121.271427610039,
              31.153311792957
            ],
            [
              121.27166595251,
              31.153360522205
            ],
            [
              121.271904294981,
              31.153409251454
            ],
            [
              121.272142637452,
              31.153457980702
            ],
            [
              121.272380979923,
              31.15350670995
            ],
            [
              121.272619322394,
              31.153549066342
            ],
            [
              121.272857664865,
              31.153586798659
            ],
            [
              121.273096007336,
              31.153624530977
            ],
            [
              121.273334349807,
              31.153662263294
            ],
            [
              121.273572692278,
              31.153699990782
            ],
            [
              121.273811034749,
              31.15373771225
            ],
            [
              121.27404937722,
              31.153775433718
            ],
            [
              121.274287719691,
              31.153813155187
            ],
            [
              121.274526062162,
              31.153850876655
            ],
            [
              121.274764404633,
              31.153888598123
            ],
            [
              121.275002747104,
              31.153920193598
            ],
            [
              121.275241089575,
              31.153953556367
            ],
            [
              121.275479432046,
              31.153987979163
            ],
            [
              121.275717774517,
              31.15402240196
            ],
            [
              121.275956116988,
              31.154056824756
            ],
            [
              121.276194459459,
              31.154091247553
            ],
            [
              121.276432801931,
              31.15412567035
            ],
            [
              121.276671144402,
              31.154160093146
            ],
            [
              121.276909486873,
              31.154192270056
            ],
            [
              121.277147829344,
              31.154223639058
            ],
            [
              121.277386171815,
              31.154253396103
            ],
            [
              121.277624514286,
              31.154282989295
            ],
            [
              121.277862856757,
              31.154317098269
            ],
            [
              121.278101199228,
              31.154351207242
            ],
            [
              121.278339541699,
              31.154385316216
            ],
            [
              121.27857788417,
              31.154419425189
            ],
            [
              121.278816226641,
              31.154453534163
            ],
            [
              121.279054569112,
              31.154487643136
            ],
            [
              121.279292911583,
              31.15452175211
            ],
            [
              121.279531254054,
              31.154555861083
            ],
            [
              121.279769596525,
              31.154589970057
            ],
            [
              121.280007938996,
              31.15462407903
            ],
            [
              121.280246281467,
              31.154658188004
            ],
            [
              121.280484623938,
              31.154692296977
            ],
            [
              121.280722966409,
              31.154726830294
            ],
            [
              121.28096130888,
              31.15476330973
            ],
            [
              121.281199651351,
              31.154799789165
            ],
            [
              121.281437993822,
              31.1548362686
            ],
            [
              121.281676336293,
              31.154872748036
            ],
            [
              121.281914678764,
              31.154909227471
            ],
            [
              121.282153021236,
              31.154945706907
            ],
            [
              121.282391363707,
              31.154982186342
            ],
            [
              121.282629706178,
              31.155058051391
            ],
            [
              121.282868048649,
              31.155225100985
            ],
            [
              121.28310639112,
              31.155529134706
            ],
            [
              121.283344733591,
              31.155825786494
            ],
            [
              121.283583076062,
              31.15600234916
            ],
            [
              121.283821418533,
              31.156103697625
            ],
            [
              121.284059761004,
              31.156199897061
            ],
            [
              121.284298103475,
              31.15630967734
            ],
            [
              121.284536445946,
              31.156425222169
            ],
            [
              121.284774788417,
              31.156540664858
            ],
            [
              121.285013130888,
              31.156621472118
            ],
            [
              121.285251473359,
              31.156629348746
            ],
            [
              121.28548981583,
              31.156571853574
            ],
            [
              121.285728158301,
              31.156467307247
            ],
            [
              121.285966500772,
              31.156356590485
            ],
            [
              121.286204843243,
              31.156305770831
            ],
            [
              121.286443185714,
              31.156323569833
            ],
            [
              121.286681528185,
              31.156411113019
            ],
            [
              121.286919870656,
              31.15655605309
            ],
            [
              121.287158213127,
              31.15667011817
            ],
            [
              121.287396555598,
              31.156713258607
            ],
            [
              121.287634898069,
              31.156713759572
            ],
            [
              121.287873240541,
              31.15665465439
            ],
            [
              121.288111583012,
              31.156563223364
            ],
            [
              121.288349925483,
              31.156473988369
            ],
            [
              121.288588267954,
              31.156401229558
            ],
            [
              121.288826610425,
              31.156347719879
            ],
            [
              121.289064952896,
              31.156305989253
            ],
            [
              121.289303295367,
              31.156274810036
            ],
            [
              121.289541637838,
              31.156262072593
            ],
            [
              121.289779980309,
              31.156261907972
            ],
            [
              121.29001832278,
              31.156272689934
            ],
            [
              121.290256665251,
              31.15630047305
            ],
            [
              121.290495007722,
              31.156342253027
            ],
            [
              121.290733350193,
              31.15639023438
            ],
            [
              121.290971692664,
              31.156442342068
            ],
            [
              121.291210035135,
              31.156496257536
            ],
            [
              121.291448377606,
              31.156550173005
            ],
            [
              121.291686720077,
              31.156604088473
            ],
            [
              121.291925062548,
              31.156658003942
            ],
            [
              121.292163405019,
              31.15671191941
            ],
            [
              121.29240174749,
              31.156765834878
            ],
            [
              121.292640089961,
              31.156824945266
            ],
            [
              121.292878432432,
              31.156885166667
            ],
            [
              121.293116774903,
              31.156945388068
            ],
            [
              121.293355117375,
              31.157005609469
            ],
            [
              121.293593459846,
              31.15706583087
            ],
            [
              121.293831802317,
              31.157126052271
            ],
            [
              121.294070144788,
              31.157186273672
            ],
            [
              121.294308487259,
              31.157246495073
            ],
            [
              121.29454682973,
              31.157312876379
            ],
            [
              121.294785172201,
              31.157380791376
            ],
            [
              121.295023514672,
              31.157448706373
            ],
            [
              121.295261857143,
              31.15751662137
            ],
            [
              121.295500199614,
              31.157584536367
            ],
            [
              121.295738542085,
              31.157652451365
            ],
            [
              121.295976884556,
              31.157720366362
            ],
            [
              121.296215227027,
              31.157788281359
            ],
            [
              121.296453569498,
              31.157856196356
            ],
            [
              121.296691911969,
              31.157924111353
            ],
            [
              121.29693025444,
              31.157995268937
            ],
            [
              121.297168596911,
              31.158071092729
            ],
            [
              121.297406939382,
              31.158146883547
            ],
            [
              121.297645281853,
              31.158222674366
            ],
            [
              121.297883624324,
              31.158298465184
            ],
            [
              121.298121966795,
              31.158374256002
            ],
            [
              121.298360309266,
              31.158450046821
            ],
            [
              121.298598651737,
              31.158525837639
            ],
            [
              121.298836994209,
              31.158601628457
            ],
            [
              121.29907533668,
              31.158677419276
            ],
            [
              121.299313679151,
              31.158753221805
            ],
            [
              121.299552021622,
              31.158829070845
            ],
            [
              121.299790364093,
              31.158904845794
            ],
            [
              121.300028706564,
              31.158980620743
            ],
            [
              121.300267049035,
              31.159056533578
            ],
            [
              121.300505391506,
              31.159132858565
            ],
            [
              121.300743733977,
              31.159209183551
            ],
            [
              121.300982076448,
              31.159285508538
            ],
            [
              121.301220418919,
              31.159361833525
            ],
            [
              121.30145876139,
              31.159438158511
            ],
            [
              121.301697103861,
              31.159514483498
            ],
            [
              121.301935446332,
              31.159596831496
            ],
            [
              121.302173788803,
              31.159680464022
            ],
            [
              121.302412131274,
              31.159764096548
            ],
            [
              121.302650473745,
              31.159847729074
            ],
            [
              121.302888816216,
              31.1599313616
            ],
            [
              121.303127158687,
              31.160014994126
            ],
            [
              121.303365501158,
              31.160098626652
            ],
            [
              121.303603843629,
              31.160182259178
            ],
            [
              121.3038421861,
              31.160265891704
            ],
            [
              121.304080528571,
              31.16034952423
            ],
            [
              121.304318871042,
              31.160433156756
            ],
            [
              121.304557213514,
              31.160516593881
            ],
            [
              121.304795555985,
              31.160598443376
            ],
            [
              121.305033898456,
              31.160684677899
            ],
            [
              121.305272240927,
              31.160770912423
            ],
            [
              121.305510583398,
              31.160857146946
            ],
            [
              121.305748925869,
              31.16094338147
            ],
            [
              121.30598726834,
              31.161029615993
            ],
            [
              121.306225610811,
              31.161115850516
            ],
            [
              121.306463953282,
              31.16120208504
            ],
            [
              121.306702295753,
              31.161288319563
            ],
            [
              121.306940638224,
              31.16136531434
            ],
            [
              121.307178980695,
              31.161441392793
            ],
            [
              121.307417323166,
              31.161517471246
            ],
            [
              121.307655665637,
              31.1615935497
            ],
            [
              121.307894008108,
              31.161669628153
            ],
            [
              121.308132350579,
              31.161745706606
            ],
            [
              121.30837069305,
              31.161821813147
            ],
            [
              121.308609035521,
              31.16190538778
            ],
            [
              121.308847377992,
              31.161988962413
            ],
            [
              121.309085720463,
              31.162072537046
            ],
            [
              121.309324062934,
              31.162156111678
            ],
            [
              121.309562405405,
              31.162239686311
            ],
            [
              121.309800747876,
              31.162323260944
            ],
            [
              121.310039090347,
              31.162406835576
            ],
            [
              121.310277432819,
              31.162490410209
            ],
            [
              121.31051577529,
              31.162573984842
            ],
            [
              121.310754117761,
              31.162657364007
            ],
            [
              121.310992460232,
              31.162738656895
            ],
            [
              121.311230802703,
              31.162819949784
            ],
            [
              121.311469145174,
              31.162901242672
            ],
            [
              121.311707487645,
              31.16298253556
            ],
            [
              121.311945830116,
              31.163063828448
            ],
            [
              121.312184172587,
              31.163145121336
            ],
            [
              121.312422515058,
              31.163226414224
            ],
            [
              121.312660857529,
              31.163307707112
            ],
            [
              121.3128992,
              31.163389
            ],
            [
              121.312902010999,
              31.163389961544
            ]
          ]
        ]
      }
    },
    {
      "type": "Feature",
      "properties": {
        "id": "sector_hongqiao__selected_market_core_corridor_2026_07",
        "sectorId": "sector_hongqiao",
        "name": "虹桥商务区",
        "scenarioId": "selected_market_core_corridor_2026_07",
        "candidateStatus": "selected-market-candidate",
        "reviewStatus": "draft-medium",
        "coordinateSystem": "OGC:CRS84",
        "geometrySourceSnapshotId": "osm-geofabrik-shanghai-260721",
        "identityDecision": "核心功能走廊小范围市场板块；国家会展中心与虹桥枢纽均归本板块。",
        "geometryMethod": "four_sides_from_locked_osm_road_centerlines",
        "boundaryBasis": "西诸光路、北崧泽大道—崧泽高架路、南沪青平公路、东外环高速；均为固定OSM道路对象推导中位线。",
        "sharedEdgeId": "edge_xujing_hongqiao_zhuguang_candidate"
      },
      "geometry": {
        "type": "Polygon",
        "coordinates": [
          [
            [
              121.353554234367,
              31.185123965912
            ],
            [
              121.353503898005,
              31.185532339382
            ],
            [
              121.35344751554,
              31.185985665637
            ],
            [
              121.353391133075,
              31.186438991892
            ],
            [
              121.35333475061,
              31.186892318147
            ],
            [
              121.353278885339,
              31.187345644402
            ],
            [
              121.353223236599,
              31.187798970656
            ],
            [
              121.353167624155,
              31.188252296911
            ],
            [
              121.353112215983,
              31.188705623166
            ],
            [
              121.353056807811,
              31.189158949421
            ],
            [
              121.35300139964,
              31.189612275676
            ],
            [
              121.352945991468,
              31.190065601931
            ],
            [
              121.352890580392,
              31.190518928185
            ],
            [
              121.352835164378,
              31.19097225444
            ],
            [
              121.352779748365,
              31.191425580695
            ],
            [
              121.352724332351,
              31.19187890695
            ],
            [
              121.352668916337,
              31.192332233205
            ],
            [
              121.352613500323,
              31.192785559459
            ],
            [
              121.352558084309,
              31.193238885714
            ],
            [
              121.352502792387,
              31.193692211969
            ],
            [
              121.3524471776,
              31.194145538224
            ],
            [
              121.352390886365,
              31.194598864479
            ],
            [
              121.352334595129,
              31.195052190734
            ],
            [
              121.352278303893,
              31.195505516988
            ],
            [
              121.352222012657,
              31.195958843243
            ],
            [
              121.352165721421,
              31.196412169498
            ],
            [
              121.352109430185,
              31.196865495753
            ],
            [
              121.352053138949,
              31.197318822008
            ],
            [
              121.351996847713,
              31.197772148263
            ],
            [
              121.351940556477,
              31.198225474517
            ],
            [
              121.351884660991,
              31.198678800772
            ],
            [
              121.351841458593,
              31.199132127027
            ],
            [
              121.351798257442,
              31.199585453282
            ],
            [
              121.351755056291,
              31.200038779537
            ],
            [
              121.351694753581,
              31.200492105792
            ],
            [
              121.351616694588,
              31.200945432046
            ],
            [
              121.351538635595,
              31.201398758301
            ],
            [
              121.351460576602,
              31.201852084556
            ],
            [
              121.351380183636,
              31.202305410811
            ],
            [
              121.351271272159,
              31.202758737066
            ],
            [
              121.351162174737,
              31.20321206332
            ],
            [
              121.351053077315,
              31.203665389575
            ],
            [
              121.350940909402,
              31.20411871583
            ],
            [
              121.350821593424,
              31.204572042085
            ],
            [
              121.350701844362,
              31.20502536834
            ],
            [
              121.3505820953,
              31.205478694595
            ],
            [
              121.350462346238,
              31.205932020849
            ],
            [
              121.350342597177,
              31.206385347104
            ],
            [
              121.350222848115,
              31.206838673359
            ],
            [
              121.350103099053,
              31.207291999614
            ],
            [
              121.349985026416,
              31.207745325869
            ],
            [
              121.349868098046,
              31.208198652124
            ],
            [
              121.349852417339,
              31.208259445549
            ],
            [
              121.3123203,
              31.2023228
            ],
            [
              121.311724559846,
              31.202288615764
            ],
            [
              121.311128819691,
              31.20228681241
            ],
            [
              121.310533079537,
              31.202234307826
            ],
            [
              121.309937339382,
              31.202181350309
            ],
            [
              121.309341599228,
              31.202131604281
            ],
            [
              121.308745859073,
              31.202060670317
            ],
            [
              121.308150118919,
              31.201952471715
            ],
            [
              121.307554378764,
              31.201820151015
            ],
            [
              121.30695863861,
              31.201669743948
            ],
            [
              121.306362898456,
              31.201465113965
            ],
            [
              121.305767158301,
              31.20122451746
            ],
            [
              121.305171418147,
              31.2009746705
            ],
            [
              121.304575677992,
              31.200731935707
            ],
            [
              121.303979937838,
              31.200489200913
            ],
            [
              121.303384197683,
              31.200247256555
            ],
            [
              121.302788457529,
              31.200009488247
            ],
            [
              121.302192717375,
              31.199683735442
            ],
            [
              121.30159697722,
              31.19948227412
            ],
            [
              121.301001237066,
              31.199283579419
            ],
            [
              121.300405496911,
              31.199041609809
            ],
            [
              121.299809756757,
              31.19879865004
            ],
            [
              121.299214016602,
              31.198548639488
            ],
            [
              121.298618276448,
              31.198298628935
            ],
            [
              121.298022536293,
              31.198043769994
            ],
            [
              121.297426796139,
              31.197787321071
            ],
            [
              121.296831055985,
              31.197530872149
            ],
            [
              121.29623531583,
              31.197278202719
            ],
            [
              121.295639575676,
              31.197034340187
            ],
            [
              121.295043835521,
              31.19678250691
            ],
            [
              121.294448095367,
              31.196530361096
            ],
            [
              121.293852355212,
              31.196281213861
            ],
            [
              121.293256615058,
              31.196034712522
            ],
            [
              121.292660874903,
              31.195788375981
            ],
            [
              121.292065134749,
              31.195542040263
            ],
            [
              121.291469394595,
              31.195295704545
            ],
            [
              121.29087365444,
              31.195049368827
            ],
            [
              121.290277914286,
              31.194796027342
            ],
            [
              121.289964456162,
              31.194668726203
            ],
            [
              121.290077684556,
              31.194535805019
            ],
            [
              121.29015116018,
              31.194392585714
            ],
            [
              121.290248708631,
              31.194249366409
            ],
            [
              121.290347554865,
              31.194106147104
            ],
            [
              121.290446401099,
              31.193962927799
            ],
            [
              121.290545247333,
              31.193819708494
            ],
            [
              121.290644093568,
              31.193676489189
            ],
            [
              121.290742939802,
              31.193533269884
            ],
            [
              121.290841786036,
              31.193390050579
            ],
            [
              121.290940632271,
              31.193246831274
            ],
            [
              121.291039478004,
              31.193103611969
            ],
            [
              121.291138325737,
              31.192960392664
            ],
            [
              121.291237173989,
              31.192817173359
            ],
            [
              121.291336022241,
              31.192673954054
            ],
            [
              121.291434870493,
              31.192530734749
            ],
            [
              121.291534929369,
              31.192387515444
            ],
            [
              121.291635885583,
              31.192244296139
            ],
            [
              121.291737305076,
              31.192101076834
            ],
            [
              121.291838724568,
              31.191957857529
            ],
            [
              121.291940144061,
              31.191814638224
            ],
            [
              121.292041563553,
              31.191671418919
            ],
            [
              121.292142983045,
              31.191528199614
            ],
            [
              121.292244287992,
              31.191384980309
            ],
            [
              121.292345432321,
              31.191241761004
            ],
            [
              121.29244657665,
              31.191098541699
            ],
            [
              121.292547720979,
              31.190955322394
            ],
            [
              121.292648868206,
              31.190812103089
            ],
            [
              121.292750016473,
              31.190668883784
            ],
            [
              121.292851164741,
              31.190525664479
            ],
            [
              121.292952313008,
              31.190382445174
            ],
            [
              121.293053461276,
              31.190239225869
            ],
            [
              121.293154609543,
              31.190096006564
            ],
            [
              121.29325575781,
              31.189952787259
            ],
            [
              121.293356906078,
              31.189809567954
            ],
            [
              121.293458054345,
              31.189666348649
            ],
            [
              121.293562135835,
              31.189523129344
            ],
            [
              121.293671508375,
              31.189379910039
            ],
            [
              121.293780880915,
              31.189236690734
            ],
            [
              121.293890253455,
              31.189093471429
            ],
            [
              121.293999625996,
              31.188950252124
            ],
            [
              121.294108994577,
              31.188807032819
            ],
            [
              121.29421835978,
              31.188663813514
            ],
            [
              121.294327724982,
              31.188520594208
            ],
            [
              121.294437090184,
              31.188377374903
            ],
            [
              121.294546455387,
              31.188234155598
            ],
            [
              121.294655820589,
              31.188090936293
            ],
            [
              121.294765185792,
              31.187947716988
            ],
            [
              121.294874550994,
              31.187804497683
            ],
            [
              121.294983916196,
              31.187661278378
            ],
            [
              121.295092000562,
              31.187518059073
            ],
            [
              121.295200012368,
              31.187374839768
            ],
            [
              121.295312930258,
              31.187231620463
            ],
            [
              121.295443947732,
              31.187088401158
            ],
            [
              121.295579502399,
              31.186945181853
            ],
            [
              121.295715019556,
              31.186801962548
            ],
            [
              121.295849459172,
              31.186658743243
            ],
            [
              121.29598862844,
              31.186515523938
            ],
            [
              121.296128093275,
              31.186372304633
            ],
            [
              121.296267574942,
              31.186229085328
            ],
            [
              121.296391804781,
              31.186085866023
            ],
            [
              121.296503316061,
              31.185942646718
            ],
            [
              121.296614827342,
              31.185799427413
            ],
            [
              121.296728845041,
              31.185656208108
            ],
            [
              121.296844866423,
              31.185512988803
            ],
            [
              121.296960887805,
              31.185369769498
            ],
            [
              121.297076909187,
              31.185226550193
            ],
            [
              121.297192930569,
              31.185083330888
            ],
            [
              121.297307774237,
              31.184940111583
            ],
            [
              121.297422453639,
              31.184796892278
            ],
            [
              121.297533507281,
              31.184653672973
            ],
            [
              121.297644538193,
              31.184510453668
            ],
            [
              121.297755569104,
              31.184367234363
            ],
            [
              121.297866600016,
              31.184224015058
            ],
            [
              121.297972564473,
              31.184080795753
            ],
            [
              121.298071403598,
              31.183937576448
            ],
            [
              121.298170242724,
              31.183794357143
            ],
            [
              121.298276301583,
              31.183651137838
            ],
            [
              121.298387485246,
              31.183507918533
            ],
            [
              121.29849866891,
              31.183364699228
            ],
            [
              121.2986104783,
              31.183221479923
            ],
            [
              121.298722765338,
              31.183078260618
            ],
            [
              121.298835052376,
              31.182935041313
            ],
            [
              121.298947339414,
              31.182791822008
            ],
            [
              121.299059623227,
              31.182648602703
            ],
            [
              121.299171902967,
              31.182505383398
            ],
            [
              121.299284182707,
              31.182362164093
            ],
            [
              121.299396462246,
              31.182218944788
            ],
            [
              121.299508720756,
              31.182075725483
            ],
            [
              121.299620981217,
              31.181932506178
            ],
            [
              121.299733273007,
              31.181789286873
            ],
            [
              121.299845564797,
              31.181646067568
            ],
            [
              121.299957856586,
              31.181502848263
            ],
            [
              121.300070148376,
              31.181359628958
            ],
            [
              121.300182440166,
              31.181216409653
            ],
            [
              121.300294722439,
              31.181073190347
            ],
            [
              121.300406997194,
              31.180929971042
            ],
            [
              121.300519271949,
              31.180786751737
            ],
            [
              121.300631546705,
              31.180643532432
            ],
            [
              121.30074382146,
              31.180500313127
            ],
            [
              121.300856096215,
              31.180357093822
            ],
            [
              121.30096837097,
              31.180213874517
            ],
            [
              121.301080645725,
              31.180070655212
            ],
            [
              121.30119292048,
              31.179927435907
            ],
            [
              121.301305195235,
              31.179784216602
            ],
            [
              121.301417469825,
              31.179640997297
            ],
            [
              121.301529732714,
              31.179497777992
            ],
            [
              121.301652603148,
              31.179354558687
            ],
            [
              121.301792822762,
              31.179211339382
            ],
            [
              121.301904102983,
              31.179068120077
            ],
            [
              121.30200870924,
              31.178924900772
            ],
            [
              121.302113315497,
              31.178781681467
            ],
            [
              121.302217921754,
              31.178638462162
            ],
            [
              121.302322528011,
              31.178495242857
            ],
            [
              121.30243195935,
              31.178352023552
            ],
            [
              121.302543611589,
              31.178208804247
            ],
            [
              121.302655263829,
              31.178065584942
            ],
            [
              121.302766916068,
              31.177922365637
            ],
            [
              121.302878568307,
              31.177779146332
            ],
            [
              121.302990220546,
              31.177635927027
            ],
            [
              121.303101872785,
              31.177492707722
            ],
            [
              121.303186468155,
              31.177349488417
            ],
            [
              121.303268654808,
              31.177206269112
            ],
            [
              121.303350014644,
              31.177063049807
            ],
            [
              121.30342879366,
              31.176919830502
            ],
            [
              121.303507572677,
              31.176776611197
            ],
            [
              121.303586351693,
              31.176633391892
            ],
            [
              121.303665130709,
              31.176490172587
            ],
            [
              121.303743909726,
              31.176346953282
            ],
            [
              121.303822688742,
              31.176203733977
            ],
            [
              121.303907397748,
              31.176060514672
            ],
            [
              121.303994722181,
              31.175917295367
            ],
            [
              121.304080864581,
              31.175774076062
            ],
            [
              121.304165739938,
              31.175630856757
            ],
            [
              121.304250615294,
              31.175487637452
            ],
            [
              121.304335490651,
              31.175344418147
            ],
            [
              121.304420217915,
              31.175201198842
            ],
            [
              121.30450480073,
              31.175057979537
            ],
            [
              121.304589383546,
              31.174914760232
            ],
            [
              121.304673966361,
              31.174771540927
            ],
            [
              121.304758549176,
              31.174628321622
            ],
            [
              121.30484313475,
              31.174485102317
            ],
            [
              121.304927760535,
              31.174341883012
            ],
            [
              121.304976974929,
              31.174267556884
            ],
            [
              121.305231550193,
              31.174241152633
            ],
            [
              121.305826761776,
              31.174171118825
            ],
            [
              121.306421973359,
              31.174101636734
            ],
            [
              121.307017184942,
              31.174016660622
            ],
            [
              121.307612396525,
              31.1739295028
            ],
            [
              121.308207608108,
              31.173842023863
            ],
            [
              121.308802819691,
              31.173754658471
            ],
            [
              121.309398031274,
              31.173667293079
            ],
            [
              121.309993242857,
              31.173589767406
            ],
            [
              121.31058845444,
              31.173512882561
            ],
            [
              121.311183666023,
              31.173436761983
            ],
            [
              121.311778877606,
              31.173416037179
            ],
            [
              121.312374089189,
              31.173427673762
            ],
            [
              121.312969300772,
              31.173410028835
            ],
            [
              121.313564512355,
              31.173340748975
            ],
            [
              121.314159723938,
              31.173259111088
            ],
            [
              121.314754935521,
              31.173172606941
            ],
            [
              121.315350147104,
              31.173086102794
            ],
            [
              121.315945358687,
              31.172998013356
            ],
            [
              121.31654057027,
              31.172913853811
            ],
            [
              121.317135781853,
              31.172822010656
            ],
            [
              121.317730993436,
              31.172719745357
            ],
            [
              121.318326205019,
              31.172594141
            ],
            [
              121.318921416602,
              31.172433086357
            ],
            [
              121.319516628185,
              31.172228428797
            ],
            [
              121.320111839768,
              31.171991993489
            ],
            [
              121.320707051351,
              31.17168346156
            ],
            [
              121.321302262934,
              31.171334559507
            ],
            [
              121.321897474517,
              31.170993008009
            ],
            [
              121.3224926861,
              31.170702885029
            ],
            [
              121.323087897683,
              31.1704784006
            ],
            [
              121.323683109266,
              31.170316965007
            ],
            [
              121.324278320849,
              31.170211021785
            ],
            [
              121.324873532432,
              31.170159147412
            ],
            [
              121.325468744015,
              31.170151052935
            ],
            [
              121.326063955598,
              31.170194296186
            ],
            [
              121.326659167181,
              31.17029267604
            ],
            [
              121.327254378764,
              31.170445855888
            ],
            [
              121.327849590347,
              31.17065736864
            ],
            [
              121.328444801931,
              31.170907570193
            ],
            [
              121.329040013514,
              31.171169985067
            ],
            [
              121.329635225097,
              31.171434331913
            ],
            [
              121.33023043668,
              31.17169867876
            ],
            [
              121.330825648263,
              31.171969285232
            ],
            [
              121.331420859846,
              31.172251557693
            ],
            [
              121.332016071429,
              31.17257571019
            ],
            [
              121.332611283012,
              31.172962765514
            ],
            [
              121.333206494595,
              31.173348177628
            ],
            [
              121.333801706178,
              31.173760765983
            ],
            [
              121.334396917761,
              31.174167528646
            ],
            [
              121.334992129344,
              31.174569601955
            ],
            [
              121.335587340927,
              31.174977406979
            ],
            [
              121.33618255251,
              31.175387644555
            ],
            [
              121.336777764093,
              31.175803222351
            ],
            [
              121.337372975676,
              31.176217976262
            ],
            [
              121.337968187259,
              31.176630880441
            ],
            [
              121.338563398842,
              31.177037834675
            ],
            [
              121.339158610425,
              31.177460403707
            ],
            [
              121.339753822008,
              31.177906233987
            ],
            [
              121.340349033591,
              31.17837996314
            ],
            [
              121.340944245174,
              31.17885120666
            ],
            [
              121.341539456757,
              31.179319208308
            ],
            [
              121.34213466834,
              31.17978807491
            ],
            [
              121.342729879923,
              31.180262419545
            ],
            [
              121.343325091506,
              31.180725362819
            ],
            [
              121.343920303089,
              31.181188206377
            ],
            [
              121.344515514672,
              31.181647255289
            ],
            [
              121.345110726255,
              31.182051507358
            ],
            [
              121.345705937838,
              31.182389703302
            ],
            [
              121.346301149421,
              31.182706819074
            ],
            [
              121.346896361004,
              31.182963033141
            ],
            [
              121.347491572587,
              31.183184459611
            ],
            [
              121.34808678417,
              31.183381442518
            ],
            [
              121.348681995753,
              31.183565922406
            ],
            [
              121.349277207336,
              31.183746818309
            ],
            [
              121.349872418919,
              31.183926773498
            ],
            [
              121.350467630502,
              31.184106226751
            ],
            [
              121.351062842085,
              31.184285412204
            ],
            [
              121.351658053668,
              31.184464597656
            ],
            [
              121.352253265251,
              31.184643782247
            ],
            [
              121.352848476834,
              31.184929731939
            ],
            [
              121.353443688417,
              31.185047229657
            ],
            [
              121.353554234367,
              31.185123965912
            ]
          ]
        ]
      }
    }
  ]
}
